event,cosmo,url,filename,catalog
GW150914,True,https://zenodo.org/records/6513631/files/IGWN-GWTC2p1-v2-GW150914_095045_PEDataRelease_mixed_cosmo.h5?download=1,IGWN-GWTC2p1-v2-GW150914_095045_PEDataRelease_mixed_cosmo.h5,GWTC-2.1
GW150914,False,https://zenodo.org/records/6513631/files/IGWN-GWTC2p1-v2-GW150914_095045_PEDataRelease_mixed_nocosmo.h5?download=1,IGWN-GWTC2p1-v2-GW150914_095045_PEDataRelease_mixed_nocosmo.h5,GWTC-2.1
GW151012,True,https://zenodo.org/records/6513631/files/IGWN-GWTC2p1-v2-GW151012_095443_PEDataRelease_mixed_cosmo.h5?download=1,IGWN-GWTC2p1-v2-GW151012_095443_PEDataRelease_mixed_cosmo.h5,GWTC-2.1
GW151012,False,https://zenodo.org/records/6513631/files/IGWN-GWTC2p1-v2-GW151012_095443_PEDataRelease_mixed_nocosmo.h5?download=1,IGWN-GWTC2p1-v2-GW151012_095443_PEDataRelease_mixed_nocosmo.h5,GWTC-2.1
GW151226,True,https://zenodo.org/records/6513631/files/IGWN-GWTC2p1-v2-GW151226_033853_PEDataRelease_mixed_cosmo.h5?download=1,IGWN-GWTC2p1-v2-GW151226_033853_PEDataRelease_mixed_cosmo.h5,GWTC-2.1
GW151226,False,https://zenodo.org/records/6513631/files/IGWN-GWTC2p1-v2-GW151226_033853_PEDataRelease_mixed_nocosmo.h5?download=1,IGWN-GWTC2p1-v2-GW151226_033853_PEDataRelease_mixed_nocosmo.h5,GWTC-2.1
GW170104,True,https://zenodo.org/records/6513631/files/IGWN-GWTC2p1-v2-GW170104_101158_PEDataRelease_mixed_cosmo.h5?download=1,IGWN-GWTC2p1-v2-GW170104_101158_PEDataRelease_mixed_cosmo.h5,GWTC-2.1
GW170104,False,https://zenodo.org/records/6513631/files/IGWN-GWTC2p1-v2-GW170104_101158_PEDataRelease_mixed_nocosmo.h5?download=1,IGWN-GWTC2p1-v2-GW170104_101158_PEDataRelease_mixed_nocosmo.h5,GWTC-2.1
GW170608,True,https://zenodo.org/records/6513631/files/IGWN-GWTC2p1-v2-GW170608_020116_PEDataRelease_mixed_cosmo.h5?download=1,IGWN-GWTC2p1-v2-GW170608_020116_PEDataRelease_mixed_cosmo.h5,GWTC-2.1
GW170608,False,https://zenodo.org/records/6513631/files/IGWN-GWTC2p1-v2-GW170608_020116_PEDataRelease_mixed_nocosmo.h5?download=1,IGWN-GWTC2p1-v2-GW170608_020116_PEDataRelease_mixed_nocosmo.h5,GWTC-2.1
GW170729,True,https://zenodo.org/records/6513631/files/IGWN-GWTC2p1-v2-GW170729_185629_PEDataRelease_mixed_cosmo.h5?download=1,IGWN-GWTC2p1-v2-GW170729_185629_PEDataRelease_mixed_cosmo.h5,GWTC-2.1
GW170729,False,https://zenodo.org/records/6513631/files/IGWN-GWTC2p1-v2-GW170729_185629_PEDataRelease_mixed_nocosmo.h5?download=1,IGWN-GWTC2p1-v2-GW170729_185629_PEDataRelease_mixed_nocosmo.h5,GWTC-2.1
GW170809,True,https://zenodo.org/records/6513631/files/IGWN-GWTC2p1-v2-GW170809_082821_PEDataRelease_mixed_cosmo.h5?download=1,IGWN-GWTC2p1-v2-GW170809_082821_PEDataRelease_mixed_cosmo.h5,GWTC-2.1
GW170809,False,https://zenodo.org/records/6513631/files/IGWN-GWTC2p1-v2-GW170809_082821_PEDataRelease_mixed_nocosmo.h5?download=1,IGWN-GWTC2p1-v2-GW170809_082821_PEDataRelease_mixed_nocosmo.h5,GWTC-2.1
GW170814,True,https://zenodo.org/records/6513631/files/IGWN-GWTC2p1-v2-GW170814_103043_PEDataRelease_mixed_cosmo.h5?download=1,IGWN-GWTC2p1-v2-GW170814_103043_PEDataRelease_mixed_cosmo.h5,GWTC-2.1
GW170814,False,https://zenodo.org/records/6513631/files/IGWN-GWTC2p1-v2-GW170814_103043_PEDataRelease_mixed_nocosmo.h5?download=1,IGWN-GWTC2p1-v2-GW170814_103043_PEDataRelease_mixed_nocosmo.h5,GWTC-2.1
GW170818,True,https://zenodo.org/records/6513631/files/IGWN-GWTC2p1-v2-GW170818_022509_PEDataRelease_mixed_cosmo.h5?download=1,IGWN-GWTC2p1-v2-GW170818_022509_PEDataRelease_mixed_cosmo.h5,GWTC-2.1
GW170818,False,https://zenodo.org/records/6513631/files/IGWN-GWTC2p1-v2-GW170818_022509_PEDataRelease_mixed_nocosmo.h5?download=1,IGWN-GWTC2p1-v2-GW170818_022509_PEDataRelease_mixed_nocosmo.h5,GWTC-2.1
GW170823,True,https://zenodo.org/records/6513631/files/IGWN-GWTC2p1-v2-GW170823_131358_PEDataRelease_mixed_cosmo.h5?download=1,IGWN-GWTC2p1-v2-GW170823_131358_PEDataRelease_mixed_cosmo.h5,GWTC-2.1
GW170823,False,https://zenodo.org/records/6513631/files/IGWN-GWTC2p1-v2-GW170823_131358_PEDataRelease_mixed_nocosmo.h5?download=1,IGWN-GWTC2p1-v2-GW170823_131358_PEDataRelease_mixed_nocosmo.h5,GWTC-2.1
GW190403_051519,True,https://zenodo.org/records/6513631/files/IGWN-GWTC2p1-v2-GW190403_051519_PEDataRelease_mixed_cosmo.h5?download=1,IGWN-GWTC2p1-v2-GW190403_051519_PEDataRelease_mixed_cosmo.h5,GWTC-2.1
GW190403_051519,False,https://zenodo.org/records/6513631/files/IGWN-GWTC2p1-v2-GW190403_051519_PEDataRelease_mixed_nocosmo.h5?download=1,IGWN-GWTC2p1-v2-GW190403_051519_PEDataRelease_mixed_nocosmo.h5,GWTC-2.1
GW190408_181802,True,https://zenodo.org/records/6513631/files/IGWN-GWTC2p1-v2-GW190408_181802_PEDataRelease_mixed_cosmo.h5?download=1,IGWN-GWTC2p1-v2-GW190408_181802_PEDataRelease_mixed_cosmo.h5,GWTC-2.1
GW190408_181802,False,https://zenodo.org/records/6513631/files/IGWN-GWTC2p1-v2-GW190408_181802_PEDataRelease_mixed_nocosmo.h5?download=1,IGWN-GWTC2p1-v2-GW190408_181802_PEDataRelease_mixed_nocosmo.h5,GWTC-2.1
GW190412,True,https://zenodo.org/records/6513631/files/IGWN-GWTC2p1-v2-GW190412_053044_PEDataRelease_mixed_cosmo.h5?download=1,IGWN-GWTC2p1-v2-GW190412_053044_PEDataRelease_mixed_cosmo.h5,GWTC-2.1
GW190412,False,https://zenodo.org/records/6513631/files/IGWN-GWTC2p1-v2-GW190412_053044_PEDataRelease_mixed_nocosmo.h5?download=1,IGWN-GWTC2p1-v2-GW190412_053044_PEDataRelease_mixed_nocosmo.h5,GWTC-2.1
GW190413_052954,True,https://zenodo.org/records/6513631/files/IGWN-GWTC2p1-v2-GW190413_052954_PEDataRelease_mixed_cosmo.h5?download=1,IGWN-GWTC2p1-v2-GW190413_052954_PEDataRelease_mixed_cosmo.h5,GWTC-2.1
GW190413_052954,False,https://zenodo.org/records/6513631/files/IGWN-GWTC2p1-v2-GW190413_052954_PEDataRelease_mixed_nocosmo.h5?download=1,IGWN-GWTC2p1-v2-GW190413_052954_PEDataRelease_mixed_nocosmo.h5,GWTC-2.1
GW190413_134308,True,https://zenodo.org/records/6513631/files/IGWN-GWTC2p1-v2-GW190413_134308_PEDataRelease_mixed_cosmo.h5?download=1,IGWN-GWTC2p1-v2-GW190413_134308_PEDataRelease_mixed_cosmo.h5,GWTC-2.1
GW190413_134308,False,https://zenodo.org/records/6513631/files/IGWN-GWTC2p1-v2-GW190413_134308_PEDataRelease_mixed_nocosmo.h5?download=1,IGWN-GWTC2p1-v2-GW190413_134308_PEDataRelease_mixed_nocosmo.h5,GWTC-2.1
GW190421_213856,True,https://zenodo.org/records/6513631/files/IGWN-GWTC2p1-v2-GW190421_213856_PEDataRelease_mixed_cosmo.h5?download=1,IGWN-GWTC2p1-v2-GW190421_213856_PEDataRelease_mixed_cosmo.h5,GWTC-2.1
GW190421_213856,False,https://zenodo.org/records/6513631/files/IGWN-GWTC2p1-v2-GW190421_213856_PEDataRelease_mixed_nocosmo.h5?download=1,IGWN-GWTC2p1-v2-GW190421_213856_PEDataRelease_mixed_nocosmo.h5,GWTC-2.1
GW190425,True,https://zenodo.org/records/6513631/files/IGWN-GWTC2p1-v2-GW190425_081805_PEDataRelease_mixed_cosmo.h5?download=1,IGWN-GWTC2p1-v2-GW190425_081805_PEDataRelease_mixed_cosmo.h5,GWTC-2.1
GW190425,False,https://zenodo.org/records/6513631/files/IGWN-GWTC2p1-v2-GW190425_081805_PEDataRelease_mixed_nocosmo.h5?download=1,IGWN-GWTC2p1-v2-GW190425_081805_PEDataRelease_mixed_nocosmo.h5,GWTC-2.1
GW190426_190642,True,https://zenodo.org/records/6513631/files/IGWN-GWTC2p1-v2-GW190426_190642_PEDataRelease_mixed_cosmo.h5?download=1,IGWN-GWTC2p1-v2-GW190426_190642_PEDataRelease_mixed_cosmo.h5,GWTC-2.1
GW190426_190642,False,https://zenodo.org/records/6513631/files/IGWN-GWTC2p1-v2-GW190426_190642_PEDataRelease_mixed_nocosmo.h5?download=1,IGWN-GWTC2p1-v2-GW190426_190642_PEDataRelease_mixed_nocosmo.h5,GWTC-2.1
GW190503_185404,True,https://zenodo.org/records/6513631/files/IGWN-GWTC2p1-v2-GW190503_185404_PEDataRelease_mixed_cosmo.h5?download=1,IGWN-GWTC2p1-v2-GW190503_185404_PEDataRelease_mixed_cosmo.h5,GWTC-2.1
GW190503_185404,False,https://zenodo.org/records/6513631/files/IGWN-GWTC2p1-v2-GW190503_185404_PEDataRelease_mixed_nocosmo.h5?download=1,IGWN-GWTC2p1-v2-GW190503_185404_PEDataRelease_mixed_nocosmo.h5,GWTC-2.1
GW190512_180714,True,https://zenodo.org/records/6513631/files/IGWN-GWTC2p1-v2-GW190512_180714_PEDataRelease_mixed_cosmo.h5?download=1,IGWN-GWTC2p1-v2-GW190512_180714_PEDataRelease_mixed_cosmo.h5,GWTC-2.1
GW190512_180714,False,https://zenodo.org/records/6513631/files/IGWN-GWTC2p1-v2-GW190512_180714_PEDataRelease_mixed_nocosmo.h5?download=1,IGWN-GWTC2p1-v2-GW190512_180714_PEDataRelease_mixed_nocosmo.h5,GWTC-2.1
GW190513_205428,True,https://zenodo.org/records/6513631/files/IGWN-GWTC2p1-v2-GW190513_205428_PEDataRelease_mixed_cosmo.h5?download=1,IGWN-GWTC2p1-v2-GW190513_205428_PEDataRelease_mixed_cosmo.h5,GWTC-2.1
GW190513_205428,False,https://zenodo.org/records/6513631/files/IGWN-GWTC2p1-v2-GW190513_205428_PEDataRelease_mixed_nocosmo.h5?download=1,IGWN-GWTC2p1-v2-GW190513_205428_PEDataRelease_mixed_nocosmo.h5,GWTC-2.1
GW190514_065416,True,https://zenodo.org/records/6513631/files/IGWN-GWTC2p1-v2-GW190514_065416_PEDataRelease_mixed_cosmo.h5?download=1,IGWN-GWTC2p1-v2-GW190514_065416_PEDataRelease_mixed_cosmo.h5,GWTC-2.1
GW190514_065416,False,https://zenodo.org/records/6513631/files/IGWN-GWTC2p1-v2-GW190514_065416_PEDataRelease_mixed_nocosmo.h5?download=1,IGWN-GWTC2p1-v2-GW190514_065416_PEDataRelease_mixed_nocosmo.h5,GWTC-2.1
GW190517_055101,True,https://zenodo.org/records/6513631/files/IGWN-GWTC2p1-v2-GW190517_055101_PEDataRelease_mixed_cosmo.h5?download=1,IGWN-GWTC2p1-v2-GW190517_055101_PEDataRelease_mixed_cosmo.h5,GWTC-2.1
GW190517_055101,False,https://zenodo.org/records/6513631/files/IGWN-GWTC2p1-v2-GW190517_055101_PEDataRelease_mixed_nocosmo.h5?download=1,IGWN-GWTC2p1-v2-GW190517_055101_PEDataRelease_mixed_nocosmo.h5,GWTC-2.1
GW190519_153544,True,https://zenodo.org/records/6513631/files/IGWN-GWTC2p1-v2-GW190519_153544_PEDataRelease_mixed_cosmo.h5?download=1,IGWN-GWTC2p1-v2-GW190519_153544_PEDataRelease_mixed_cosmo.h5,GWTC-2.1
GW190519_153544,False,https://zenodo.org/records/6513631/files/IGWN-GWTC2p1-v2-GW190519_153544_PEDataRelease_mixed_nocosmo.h5?download=1,IGWN-GWTC2p1-v2-GW190519_153544_PEDataRelease_mixed_nocosmo.h5,GWTC-2.1
GW190521,True,https://zenodo.org/records/6513631/files/IGWN-GWTC2p1-v2-GW190521_030229_PEDataRelease_mixed_cosmo.h5?download=1,IGWN-GWTC2p1-v2-GW190521_030229_PEDataRelease_mixed_cosmo.h5,GWTC-2.1
GW190521,False,https://zenodo.org/records/6513631/files/IGWN-GWTC2p1-v2-GW190521_030229_PEDataRelease_mixed_nocosmo.h5?download=1,IGWN-GWTC2p1-v2-GW190521_030229_PEDataRelease_mixed_nocosmo.h5,GWTC-2.1
GW190521_074359,True,https://zenodo.org/records/6513631/files/IGWN-GWTC2p1-v2-GW190521_074359_PEDataRelease_mixed_cosmo.h5?download=1,IGWN-GWTC2p1-v2-GW190521_074359_PEDataRelease_mixed_cosmo.h5,GWTC-2.1
GW190521_074359,False,https://zenodo.org/records/6513631/files/IGWN-GWTC2p1-v2-GW190521_074359_PEDataRelease_mixed_nocosmo.h5?download=1,IGWN-GWTC2p1-v2-GW190521_074359_PEDataRelease_mixed_nocosmo.h5,GWTC-2.1
GW190527_092055,True,https://zenodo.org/records/6513631/files/IGWN-GWTC2p1-v2-GW190527_092055_PEDataRelease_mixed_cosmo.h5?download=1,IGWN-GWTC2p1-v2-GW190527_092055_PEDataRelease_mixed_cosmo.h5,GWTC-2.1
GW190527_092055,False,https://zenodo.org/records/6513631/files/IGWN-GWTC2p1-v2-GW190527_092055_PEDataRelease_mixed_nocosmo.h5?download=1,IGWN-GWTC2p1-v2-GW190527_092055_PEDataRelease_mixed_nocosmo.h5,GWTC-2.1
GW190602_175927,True,https://zenodo.org/records/6513631/files/IGWN-GWTC2p1-v2-GW190602_175927_PEDataRelease_mixed_cosmo.h5?download=1,IGWN-GWTC2p1-v2-GW190602_175927_PEDataRelease_mixed_cosmo.h5,GWTC-2.1
GW190602_175927,False,https://zenodo.org/records/6513631/files/IGWN-GWTC2p1-v2-GW190602_175927_PEDataRelease_mixed_nocosmo.h5?download=1,IGWN-GWTC2p1-v2-GW190602_175927_PEDataRelease_mixed_nocosmo.h5,GWTC-2.1
GW190620_030421,True,https://zenodo.org/records/6513631/files/IGWN-GWTC2p1-v2-GW190620_030421_PEDataRelease_mixed_cosmo.h5?download=1,IGWN-GWTC2p1-v2-GW190620_030421_PEDataRelease_mixed_cosmo.h5,GWTC-2.1
GW190620_030421,False,https://zenodo.org/records/6513631/files/IGWN-GWTC2p1-v2-GW190620_030421_PEDataRelease_mixed_nocosmo.h5?download=1,IGWN-GWTC2p1-v2-GW190620_030421_PEDataRelease_mixed_nocosmo.h5,GWTC-2.1
GW190630_185205,True,https://zenodo.org/records/6513631/files/IGWN-GWTC2p1-v2-GW190630_185205_PEDataRelease_mixed_cosmo.h5?download=1,IGWN-GWTC2p1-v2-GW190630_185205_PEDataRelease_mixed_cosmo.h5,GWTC-2.1
GW190630_185205,False,https://zenodo.org/records/6513631/files/IGWN-GWTC2p1-v2-GW190630_185205_PEDataRelease_mixed_nocosmo.h5?download=1,IGWN-GWTC2p1-v2-GW190630_185205_PEDataRelease_mixed_nocosmo.h5,GWTC-2.1
GW190701_203306,True,https://zenodo.org/records/6513631/files/IGWN-GWTC2p1-v2-GW190701_203306_PEDataRelease_mixed_cosmo.h5?download=1,IGWN-GWTC2p1-v2-GW190701_203306_PEDataRelease_mixed_cosmo.h5,GWTC-2.1
GW190701_203306,False,https://zenodo.org/records/6513631/files/IGWN-GWTC2p1-v2-GW190701_203306_PEDataRelease_mixed_nocosmo.h5?download=1,IGWN-GWTC2p1-v2-GW190701_203306_PEDataRelease_mixed_nocosmo.h5,GWTC-2.1
GW190706_222641,True,https://zenodo.org/records/6513631/files/IGWN-GWTC2p1-v2-GW190706_222641_PEDataRelease_mixed_cosmo.h5?download=1,IGWN-GWTC2p1-v2-GW190706_222641_PEDataRelease_mixed_cosmo.h5,GWTC-2.1
GW190706_222641,False,https://zenodo.org/records/6513631/files/IGWN-GWTC2p1-v2-GW190706_222641_PEDataRelease_mixed_nocosmo.h5?download=1,IGWN-GWTC2p1-v2-GW190706_222641_PEDataRelease_mixed_nocosmo.h5,GWTC-2.1
GW190707_093326,True,https://zenodo.org/records/6513631/files/IGWN-GWTC2p1-v2-GW190707_093326_PEDataRelease_mixed_cosmo.h5?download=1,IGWN-GWTC2p1-v2-GW190707_093326_PEDataRelease_mixed_cosmo.h5,GWTC-2.1
GW190707_093326,False,https://zenodo.org/records/6513631/files/IGWN-GWTC2p1-v2-GW190707_093326_PEDataRelease_mixed_nocosmo.h5?download=1,IGWN-GWTC2p1-v2-GW190707_093326_PEDataRelease_mixed_nocosmo.h5,GWTC-2.1
GW190708_232457,True,https://zenodo.org/records/6513631/files/IGWN-GWTC2p1-v2-GW190708_232457_PEDataRelease_mixed_cosmo.h5?download=1,IGWN-GWTC2p1-v2-GW190708_232457_PEDataRelease_mixed_cosmo.h5,GWTC-2.1
GW190708_232457,False,https://zenodo.org/records/6513631/files/IGWN-GWTC2p1-v2-GW190708_232457_PEDataRelease_mixed_nocosmo.h5?download=1,IGWN-GWTC2p1-v2-GW190708_232457_PEDataRelease_mixed_nocosmo.h5,GWTC-2.1
GW190719_215514,True,https://zenodo.org/records/6513631/files/IGWN-GWTC2p1-v2-GW190719_215514_PEDataRelease_mixed_cosmo.h5?download=1,IGWN-GWTC2p1-v2-GW190719_215514_PEDataRelease_mixed_cosmo.h5,GWTC-2.1
GW190719_215514,False,https://zenodo.org/records/6513631/files/IGWN-GWTC2p1-v2-GW190719_215514_PEDataRelease_mixed_nocosmo.h5?download=1,IGWN-GWTC2p1-v2-GW190719_215514_PEDataRelease_mixed_nocosmo.h5,GWTC-2.1
GW190720_000836,True,https://zenodo.org/records/6513631/files/IGWN-GWTC2p1-v2-GW190720_000836_PEDataRelease_mixed_cosmo.h5?download=1,IGWN-GWTC2p1-v2-GW190720_000836_PEDataRelease_mixed_cosmo.h5,GWTC-2.1
GW190720_000836,False,https://zenodo.org/records/6513631/files/IGWN-GWTC2p1-v2-GW190720_000836_PEDataRelease_mixed_nocosmo.h5?download=1,IGWN-GWTC2p1-v2-GW190720_000836_PEDataRelease_mixed_nocosmo.h5,GWTC-2.1
GW190725_174728,True,https://zenodo.org/records/6513631/files/IGWN-GWTC2p1-v2-GW190725_174728_PEDataRelease_mixed_cosmo.h5?download=1,IGWN-GWTC2p1-v2-GW190725_174728_PEDataRelease_mixed_cosmo.h5,GWTC-2.1
GW190725_174728,False,https://zenodo.org/records/6513631/files/IGWN-GWTC2p1-v2-GW190725_174728_PEDataRelease_mixed_nocosmo.h5?download=1,IGWN-GWTC2p1-v2-GW190725_174728_PEDataRelease_mixed_nocosmo.h5,GWTC-2.1
GW190727_060333,True,https://zenodo.org/records/6513631/files/IGWN-GWTC2p1-v2-GW190727_060333_PEDataRelease_mixed_cosmo.h5?download=1,IGWN-GWTC2p1-v2-GW190727_060333_PEDataRelease_mixed_cosmo.h5,GWTC-2.1
GW190727_060333,False,https://zenodo.org/records/6513631/files/IGWN-GWTC2p1-v2-GW190727_060333_PEDataRelease_mixed_nocosmo.h5?download=1,IGWN-GWTC2p1-v2-GW190727_060333_PEDataRelease_mixed_nocosmo.h5,GWTC-2.1
GW190728_064510,True,https://zenodo.org/records/6513631/files/IGWN-GWTC2p1-v2-GW190728_064510_PEDataRelease_mixed_cosmo.h5?download=1,IGWN-GWTC2p1-v2-GW190728_064510_PEDataRelease_mixed_cosmo.h5,GWTC-2.1
GW190728_064510,False,https://zenodo.org/records/6513631/files/IGWN-GWTC2p1-v2-GW190728_064510_PEDataRelease_mixed_nocosmo.h5?download=1,IGWN-GWTC2p1-v2-GW190728_064510_PEDataRelease_mixed_nocosmo.h5,GWTC-2.1
GW190731_140936,True,https://zenodo.org/records/6513631/files/IGWN-GWTC2p1-v2-GW190731_140936_PEDataRelease_mixed_cosmo.h5?download=1,IGWN-GWTC2p1-v2-GW190731_140936_PEDataRelease_mixed_cosmo.h5,GWTC-2.1
GW190731_140936,False,https://zenodo.org/records/6513631/files/IGWN-GWTC2p1-v2-GW190731_140936_PEDataRelease_mixed_nocosmo.h5?download=1,IGWN-GWTC2p1-v2-GW190731_140936_PEDataRelease_mixed_nocosmo.h5,GWTC-2.1
GW190803_022701,True,https://zenodo.org/records/6513631/files/IGWN-GWTC2p1-v2-GW190803_022701_PEDataRelease_mixed_cosmo.h5?download=1,IGWN-GWTC2p1-v2-GW190803_022701_PEDataRelease_mixed_cosmo.h5,GWTC-2.1
GW190803_022701,False,https://zenodo.org/records/6513631/files/IGWN-GWTC2p1-v2-GW190803_022701_PEDataRelease_mixed_nocosmo.h5?download=1,IGWN-GWTC2p1-v2-GW190803_022701_PEDataRelease_mixed_nocosmo.h5,GWTC-2.1
GW190805_211137,True,https://zenodo.org/records/6513631/files/IGWN-GWTC2p1-v2-GW190805_211137_PEDataRelease_mixed_cosmo.h5?download=1,IGWN-GWTC2p1-v2-GW190805_211137_PEDataRelease_mixed_cosmo.h5,GWTC-2.1
GW190805_211137,False,https://zenodo.org/records/6513631/files/IGWN-GWTC2p1-v2-GW190805_211137_PEDataRelease_mixed_nocosmo.h5?download=1,IGWN-GWTC2p1-v2-GW190805_211137_PEDataRelease_mixed_nocosmo.h5,GWTC-2.1
GW190814,True,https://zenodo.org/records/6513631/files/IGWN-GWTC2p1-v2-GW190814_211039_PEDataRelease_mixed_cosmo.h5?download=1,IGWN-GWTC2p1-v2-GW190814_211039_PEDataRelease_mixed_cosmo.h5,GWTC-2.1
GW190814,False,https://zenodo.org/records/6513631/files/IGWN-GWTC2p1-v2-GW190814_211039_PEDataRelease_mixed_nocosmo.h5?download=1,IGWN-GWTC2p1-v2-GW190814_211039_PEDataRelease_mixed_nocosmo.h5,GWTC-2.1
GW190828_063405,True,https://zenodo.org/records/6513631/files/IGWN-GWTC2p1-v2-GW190828_063405_PEDataRelease_mixed_cosmo.h5?download=1,IGWN-GWTC2p1-v2-GW190828_063405_PEDataRelease_mixed_cosmo.h5,GWTC-2.1
GW190828_063405,False,https://zenodo.org/records/6513631/files/IGWN-GWTC2p1-v2-GW190828_063405_PEDataRelease_mixed_nocosmo.h5?download=1,IGWN-GWTC2p1-v2-GW190828_063405_PEDataRelease_mixed_nocosmo.h5,GWTC-2.1
GW190828_065509,True,https://zenodo.org/records/6513631/files/IGWN-GWTC2p1-v2-GW190828_065509_PEDataRelease_mixed_cosmo.h5?download=1,IGWN-GWTC2p1-v2-GW190828_065509_PEDataRelease_mixed_cosmo.h5,GWTC-2.1
GW190828_065509,False,https://zenodo.org/records/6513631/files/IGWN-GWTC2p1-v2-GW190828_065509_PEDataRelease_mixed_nocosmo.h5?download=1,IGWN-GWTC2p1-v2-GW190828_065509_PEDataRelease_mixed_nocosmo.h5,GWTC-2.1
GW190910_112807,True,https://zenodo.org/records/6513631/files/IGWN-GWTC2p1-v2-GW190910_112807_PEDataRelease_mixed_cosmo.h5?download=1,IGWN-GWTC2p1-v2-GW190910_112807_PEDataRelease_mixed_cosmo.h5,GWTC-2.1
GW190910_112807,False,https://zenodo.org/records/6513631/files/IGWN-GWTC2p1-v2-GW190910_112807_PEDataRelease_mixed_nocosmo.h5?download=1,IGWN-GWTC2p1-v2-GW190910_112807_PEDataRelease_mixed_nocosmo.h5,GWTC-2.1
GW190915_235702,True,https://zenodo.org/records/6513631/files/IGWN-GWTC2p1-v2-GW190915_235702_PEDataRelease_mixed_cosmo.h5?download=1,IGWN-GWTC2p1-v2-GW190915_235702_PEDataRelease_mixed_cosmo.h5,GWTC-2.1
GW190915_235702,False,https://zenodo.org/records/6513631/files/IGWN-GWTC2p1-v2-GW190915_235702_PEDataRelease_mixed_nocosmo.h5?download=1,IGWN-GWTC2p1-v2-GW190915_235702_PEDataRelease_mixed_nocosmo.h5,GWTC-2.1
GW190916_200658,True,https://zenodo.org/records/6513631/files/IGWN-GWTC2p1-v2-GW190916_200658_PEDataRelease_mixed_cosmo.h5?download=1,IGWN-GWTC2p1-v2-GW190916_200658_PEDataRelease_mixed_cosmo.h5,GWTC-2.1
GW190916_200658,False,https://zenodo.org/records/6513631/files/IGWN-GWTC2p1-v2-GW190916_200658_PEDataRelease_mixed_nocosmo.h5?download=1,IGWN-GWTC2p1-v2-GW190916_200658_PEDataRelease_mixed_nocosmo.h5,GWTC-2.1
GW190917_114630,True,https://zenodo.org/records/6513631/files/IGWN-GWTC2p1-v2-GW190917_114630_PEDataRelease_mixed_cosmo.h5?download=1,IGWN-GWTC2p1-v2-GW190917_114630_PEDataRelease_mixed_cosmo.h5,GWTC-2.1
GW190917_114630,False,https://zenodo.org/records/6513631/files/IGWN-GWTC2p1-v2-GW190917_114630_PEDataRelease_mixed_nocosmo.h5?download=1,IGWN-GWTC2p1-v2-GW190917_114630_PEDataRelease_mixed_nocosmo.h5,GWTC-2.1
GW190924_021846,True,https://zenodo.org/records/6513631/files/IGWN-GWTC2p1-v2-GW190924_021846_PEDataRelease_mixed_cosmo.h5?download=1,IGWN-GWTC2p1-v2-GW190924_021846_PEDataRelease_mixed_cosmo.h5,GWTC-2.1
GW190924_021846,False,https://zenodo.org/records/6513631/files/IGWN-GWTC2p1-v2-GW190924_021846_PEDataRelease_mixed_nocosmo.h5?download=1,IGWN-GWTC2p1-v2-GW190924_021846_PEDataRelease_mixed_nocosmo.h5,GWTC-2.1
GW190925_232845,True,https://zenodo.org/records/6513631/files/IGWN-GWTC2p1-v2-GW190925_232845_PEDataRelease_mixed_cosmo.h5?download=1,IGWN-GWTC2p1-v2-GW190925_232845_PEDataRelease_mixed_cosmo.h5,GWTC-2.1
GW190925_232845,False,https://zenodo.org/records/6513631/files/IGWN-GWTC2p1-v2-GW190925_232845_PEDataRelease_mixed_nocosmo.h5?download=1,IGWN-GWTC2p1-v2-GW190925_232845_PEDataRelease_mixed_nocosmo.h5,GWTC-2.1
GW190926_050336,True,https://zenodo.org/records/6513631/files/IGWN-GWTC2p1-v2-GW190926_050336_PEDataRelease_mixed_cosmo.h5?download=1,IGWN-GWTC2p1-v2-GW190926_050336_PEDataRelease_mixed_cosmo.h5,GWTC-2.1
GW190926_050336,False,https://zenodo.org/records/6513631/files/IGWN-GWTC2p1-v2-GW190926_050336_PEDataRelease_mixed_nocosmo.h5?download=1,IGWN-GWTC2p1-v2-GW190926_050336_PEDataRelease_mixed_nocosmo.h5,GWTC-2.1
GW190929_012149,True,https://zenodo.org/records/6513631/files/IGWN-GWTC2p1-v2-GW190929_012149_PEDataRelease_mixed_cosmo.h5?download=1,IGWN-GWTC2p1-v2-GW190929_012149_PEDataRelease_mixed_cosmo.h5,GWTC-2.1
GW190929_012149,False,https://zenodo.org/records/6513631/files/IGWN-GWTC2p1-v2-GW190929_012149_PEDataRelease_mixed_nocosmo.h5?download=1,IGWN-GWTC2p1-v2-GW190929_012149_PEDataRelease_mixed_nocosmo.h5,GWTC-2.1
GW190930_133541,True,https://zenodo.org/records/6513631/files/IGWN-GWTC2p1-v2-GW190930_133541_PEDataRelease_mixed_cosmo.h5?download=1,IGWN-GWTC2p1-v2-GW190930_133541_PEDataRelease_mixed_cosmo.h5,GWTC-2.1
GW190930_133541,False,https://zenodo.org/records/6513631/files/IGWN-GWTC2p1-v2-GW190930_133541_PEDataRelease_mixed_nocosmo.h5?download=1,IGWN-GWTC2p1-v2-GW190930_133541_PEDataRelease_mixed_nocosmo.h5,GWTC-2.1
GW191103_012549,True,https://zenodo.org/records/5546663/files/IGWN-GWTC3p0-v1-GW191103_012549_PEDataRelease_mixed_cosmo.h5?download=1,IGWN-GWTC3p0-v1-GW191103_012549_PEDataRelease_mixed_cosmo.h5,GWTC-3
GW191103_012549,False,https://zenodo.org/records/5546663/files/IGWN-GWTC3p0-v1-GW191103_012549_PEDataRelease_mixed_nocosmo.h5?download=1,IGWN-GWTC3p0-v1-GW191103_012549_PEDataRelease_mixed_nocosmo.h5,GWTC-3
GW191105_143521,True,https://zenodo.org/records/5546663/files/IGWN-GWTC3p0-v1-GW191105_143521_PEDataRelease_mixed_cosmo.h5?download=1,IGWN-GWTC3p0-v1-GW191105_143521_PEDataRelease_mixed_cosmo.h5,GWTC-3
GW191105_143521,False,https://zenodo.org/records/5546663/files/IGWN-GWTC3p0-v1-GW191105_143521_PEDataRelease_mixed_nocosmo.h5?download=1,IGWN-GWTC3p0-v1-GW191105_143521_PEDataRelease_mixed_nocosmo.h5,GWTC-3
GW191109_010717,True,https://zenodo.org/records/5546663/files/IGWN-GWTC3p0-v1-GW191109_010717_PEDataRelease_mixed_cosmo.h5?download=1,IGWN-GWTC3p0-v1-GW191109_010717_PEDataRelease_mixed_cosmo.h5,GWTC-3
GW191109_010717,False,https://zenodo.org/records/5546663/files/IGWN-GWTC3p0-v1-GW191109_010717_PEDataRelease_mixed_nocosmo.h5?download=1,IGWN-GWTC3p0-v1-GW191109_010717_PEDataRelease_mixed_nocosmo.h5,GWTC-3
GW191113_071753,True,https://zenodo.org/records/5546663/files/IGWN-GWTC3p0-v1-GW191113_071753_PEDataRelease_mixed_cosmo.h5?download=1,IGWN-GWTC3p0-v1-GW191113_071753_PEDataRelease_mixed_cosmo.h5,GWTC-3
GW191113_071753,False,https://zenodo.org/records/5546663/files/IGWN-GWTC3p0-v1-GW191113_071753_PEDataRelease_mixed_nocosmo.h5?download=1,IGWN-GWTC3p0-v1-GW191113_071753_PEDataRelease_mixed_nocosmo.h5,GWTC-3
GW191126_115259,True,https://zenodo.org/records/5546663/files/IGWN-GWTC3p0-v1-GW191126_115259_PEDataRelease_mixed_cosmo.h5?download=1,IGWN-GWTC3p0-v1-GW191126_115259_PEDataRelease_mixed_cosmo.h5,GWTC-3
GW191126_115259,False,https://zenodo.org/records/5546663/files/IGWN-GWTC3p0-v1-GW191126_115259_PEDataRelease_mixed_nocosmo.h5?download=1,IGWN-GWTC3p0-v1-GW191126_115259_PEDataRelease_mixed_nocosmo.h5,GWTC-3
GW191127_050227,True,https://zenodo.org/records/5546663/files/IGWN-GWTC3p0-v1-GW191127_050227_PEDataRelease_mixed_cosmo.h5?download=1,IGWN-GWTC3p0-v1-GW191127_050227_PEDataRelease_mixed_cosmo.h5,GWTC-3
GW191127_050227,False,https://zenodo.org/records/5546663/files/IGWN-GWTC3p0-v1-GW191127_050227_PEDataRelease_mixed_nocosmo.h5?download=1,IGWN-GWTC3p0-v1-GW191127_050227_PEDataRelease_mixed_nocosmo.h5,GWTC-3
GW191129_134029,True,https://zenodo.org/records/5546663/files/IGWN-GWTC3p0-v1-GW191129_134029_PEDataRelease_mixed_cosmo.h5?download=1,IGWN-GWTC3p0-v1-GW191129_134029_PEDataRelease_mixed_cosmo.h5,GWTC-3
GW191129_134029,False,https://zenodo.org/records/5546663/files/IGWN-GWTC3p0-v1-GW191129_134029_PEDataRelease_mixed_nocosmo.h5?download=1,IGWN-GWTC3p0-v1-GW191129_134029_PEDataRelease_mixed_nocosmo.h5,GWTC-3
GW191204_110529,True,https://zenodo.org/records/5546663/files/IGWN-GWTC3p0-v1-GW191204_110529_PEDataRelease_mixed_cosmo.h5?download=1,IGWN-GWTC3p0-v1-GW191204_110529_PEDataRelease_mixed_cosmo.h5,GWTC-3
GW191204_110529,False,https://zenodo.org/records/5546663/files/IGWN-GWTC3p0-v1-GW191204_110529_PEDataRelease_mixed_nocosmo.h5?download=1,IGWN-GWTC3p0-v1-GW191204_110529_PEDataRelease_mixed_nocosmo.h5,GWTC-3
GW191204_171526,True,https://zenodo.org/records/5546663/files/IGWN-GWTC3p0-v1-GW191204_171526_PEDataRelease_mixed_cosmo.h5?download=1,IGWN-GWTC3p0-v1-GW191204_171526_PEDataRelease_mixed_cosmo.h5,GWTC-3
GW191204_171526,False,https://zenodo.org/records/5546663/files/IGWN-GWTC3p0-v1-GW191204_171526_PEDataRelease_mixed_nocosmo.h5?download=1,IGWN-GWTC3p0-v1-GW191204_171526_PEDataRelease_mixed_nocosmo.h5,GWTC-3
GW191215_223052,True,https://zenodo.org/records/5546663/files/IGWN-GWTC3p0-v1-GW191215_223052_PEDataRelease_mixed_cosmo.h5?download=1,IGWN-GWTC3p0-v1-GW191215_223052_PEDataRelease_mixed_cosmo.h5,GWTC-3
GW191215_223052,False,https://zenodo.org/records/5546663/files/IGWN-GWTC3p0-v1-GW191215_223052_PEDataRelease_mixed_nocosmo.h5?download=1,IGWN-GWTC3p0-v1-GW191215_223052_PEDataRelease_mixed_nocosmo.h5,GWTC-3
GW191216_213338,True,https://zenodo.org/records/5546663/files/IGWN-GWTC3p0-v1-GW191216_213338_PEDataRelease_mixed_cosmo.h5?download=1,IGWN-GWTC3p0-v1-GW191216_213338_PEDataRelease_mixed_cosmo.h5,GWTC-3
GW191216_213338,False,https://zenodo.org/records/5546663/files/IGWN-GWTC3p0-v1-GW191216_213338_PEDataRelease_mixed_nocosmo.h5?download=1,IGWN-GWTC3p0-v1-GW191216_213338_PEDataRelease_mixed_nocosmo.h5,GWTC-3
GW191219_163120,True,https://zenodo.org/records/5546663/files/IGWN-GWTC3p0-v1-GW191219_163120_PEDataRelease_mixed_cosmo.h5?download=1,IGWN-GWTC3p0-v1-GW191219_163120_PEDataRelease_mixed_cosmo.h5,GWTC-3
GW191219_163120,False,https://zenodo.org/records/5546663/files/IGWN-GWTC3p0-v1-GW191219_163120_PEDataRelease_mixed_nocosmo.h5?download=1,IGWN-GWTC3p0-v1-GW191219_163120_PEDataRelease_mixed_nocosmo.h5,GWTC-3
GW191222_033537,True,https://zenodo.org/records/5546663/files/IGWN-GWTC3p0-v1-GW191222_033537_PEDataRelease_mixed_cosmo.h5?download=1,IGWN-GWTC3p0-v1-GW191222_033537_PEDataRelease_mixed_cosmo.h5,GWTC-3
GW191222_033537,False,https://zenodo.org/records/5546663/files/IGWN-GWTC3p0-v1-GW191222_033537_PEDataRelease_mixed_nocosmo.h5?download=1,IGWN-GWTC3p0-v1-GW191222_033537_PEDataRelease_mixed_nocosmo.h5,GWTC-3
GW191230_180458,True,https://zenodo.org/records/5546663/files/IGWN-GWTC3p0-v1-GW191230_180458_PEDataRelease_mixed_cosmo.h5?download=1,IGWN-GWTC3p0-v1-GW191230_180458_PEDataRelease_mixed_cosmo.h5,GWTC-3
GW191230_180458,False,https://zenodo.org/records/5546663/files/IGWN-GWTC3p0-v1-GW191230_180458_PEDataRelease_mixed_nocosmo.h5?download=1,IGWN-GWTC3p0-v1-GW191230_180458_PEDataRelease_mixed_nocosmo.h5,GWTC-3
GW200112_155838,True,https://zenodo.org/records/5546663/files/IGWN-GWTC3p0-v1-GW200112_155838_PEDataRelease_mixed_cosmo.h5?download=1,IGWN-GWTC3p0-v1-GW200112_155838_PEDataRelease_mixed_cosmo.h5,GWTC-3
GW200112_155838,False,https://zenodo.org/records/5546663/files/IGWN-GWTC3p0-v1-GW200112_155838_PEDataRelease_mixed_nocosmo.h5?download=1,IGWN-GWTC3p0-v1-GW200112_155838_PEDataRelease_mixed_nocosmo.h5,GWTC-3
GW200115_042309,True,https://zenodo.org/records/5546663/files/IGWN-GWTC3p0-v1-GW200115_042309_PEDataRelease_mixed_cosmo.h5?download=1,IGWN-GWTC3p0-v1-GW200115_042309_PEDataRelease_mixed_cosmo.h5,GWTC-3
GW200115_042309,False,https://zenodo.org/records/5546663/files/IGWN-GWTC3p0-v1-GW200115_042309_PEDataRelease_mixed_nocosmo.h5?download=1,IGWN-GWTC3p0-v1-GW200115_042309_PEDataRelease_mixed_nocosmo.h5,GWTC-3
GW200128_022011,True,https://zenodo.org/records/5546663/files/IGWN-GWTC3p0-v1-GW200128_022011_PEDataRelease_mixed_cosmo.h5?download=1,IGWN-GWTC3p0-v1-GW200128_022011_PEDataRelease_mixed_cosmo.h5,GWTC-3
GW200128_022011,False,https://zenodo.org/records/5546663/files/IGWN-GWTC3p0-v1-GW200128_022011_PEDataRelease_mixed_nocosmo.h5?download=1,IGWN-GWTC3p0-v1-GW200128_022011_PEDataRelease_mixed_nocosmo.h5,GWTC-3
GW200129_065458,True,https://zenodo.org/records/5546663/files/IGWN-GWTC3p0-v1-GW200129_065458_PEDataRelease_mixed_cosmo.h5?download=1,IGWN-GWTC3p0-v1-GW200129_065458_PEDataRelease_mixed_cosmo.h5,GWTC-3
GW200129_065458,False,https://zenodo.org/records/5546663/files/IGWN-GWTC3p0-v1-GW200129_065458_PEDataRelease_mixed_nocosmo.h5?download=1,IGWN-GWTC3p0-v1-GW200129_065458_PEDataRelease_mixed_nocosmo.h5,GWTC-3
GW200202_154313,True,https://zenodo.org/records/5546663/files/IGWN-GWTC3p0-v1-GW200202_154313_PEDataRelease_mixed_cosmo.h5?download=1,IGWN-GWTC3p0-v1-GW200202_154313_PEDataRelease_mixed_cosmo.h5,GWTC-3
GW200202_154313,False,https://zenodo.org/records/5546663/files/IGWN-GWTC3p0-v1-GW200202_154313_PEDataRelease_mixed_nocosmo.h5?download=1,IGWN-GWTC3p0-v1-GW200202_154313_PEDataRelease_mixed_nocosmo.h5,GWTC-3
GW200208_130117,True,https://zenodo.org/records/5546663/files/IGWN-GWTC3p0-v1-GW200208_130117_PEDataRelease_mixed_cosmo.h5?download=1,IGWN-GWTC3p0-v1-GW200208_130117_PEDataRelease_mixed_cosmo.h5,GWTC-3
GW200208_130117,False,https://zenodo.org/records/5546663/files/IGWN-GWTC3p0-v1-GW200208_130117_PEDataRelease_mixed_nocosmo.h5?download=1,IGWN-GWTC3p0-v1-GW200208_130117_PEDataRelease_mixed_nocosmo.h5,GWTC-3
GW200208_222617,True,https://zenodo.org/records/5546663/files/IGWN-GWTC3p0-v1-GW200208_222617_PEDataRelease_mixed_cosmo.h5?download=1,IGWN-GWTC3p0-v1-GW200208_222617_PEDataRelease_mixed_cosmo.h5,GWTC-3
GW200208_222617,False,https://zenodo.org/records/5546663/files/IGWN-GWTC3p0-v1-GW200208_222617_PEDataRelease_mixed_nocosmo.h5?download=1,IGWN-GWTC3p0-v1-GW200208_222617_PEDataRelease_mixed_nocosmo.h5,GWTC-3
GW200209_085452,True,https://zenodo.org/records/5546663/files/IGWN-GWTC3p0-v1-GW200209_085452_PEDataRelease_mixed_cosmo.h5?download=1,IGWN-GWTC3p0-v1-GW200209_085452_PEDataRelease_mixed_cosmo.h5,GWTC-3
GW200209_085452,False,https://zenodo.org/records/5546663/files/IGWN-GWTC3p0-v1-GW200209_085452_PEDataRelease_mixed_nocosmo.h5?download=1,IGWN-GWTC3p0-v1-GW200209_085452_PEDataRelease_mixed_nocosmo.h5,GWTC-3
GW200210_092254,True,https://zenodo.org/records/5546663/files/IGWN-GWTC3p0-v1-GW200210_092254_PEDataRelease_mixed_cosmo.h5?download=1,IGWN-GWTC3p0-v1-GW200210_092254_PEDataRelease_mixed_cosmo.h5,GWTC-3
GW200210_092254,False,https://zenodo.org/records/5546663/files/IGWN-GWTC3p0-v1-GW200210_092254_PEDataRelease_mixed_nocosmo.h5?download=1,IGWN-GWTC3p0-v1-GW200210_092254_PEDataRelease_mixed_nocosmo.h5,GWTC-3
GW200216_220804,True,https://zenodo.org/records/5546663/files/IGWN-GWTC3p0-v1-GW200216_220804_PEDataRelease_mixed_cosmo.h5?download=1,IGWN-GWTC3p0-v1-GW200216_220804_PEDataRelease_mixed_cosmo.h5,GWTC-3
GW200216_220804,False,https://zenodo.org/records/5546663/files/IGWN-GWTC3p0-v1-GW200216_220804_PEDataRelease_mixed_nocosmo.h5?download=1,IGWN-GWTC3p0-v1-GW200216_220804_PEDataRelease_mixed_nocosmo.h5,GWTC-3
GW200219_094415,True,https://zenodo.org/records/5546663/files/IGWN-GWTC3p0-v1-GW200219_094415_PEDataRelease_mixed_cosmo.h5?download=1,IGWN-GWTC3p0-v1-GW200219_094415_PEDataRelease_mixed_cosmo.h5,GWTC-3
GW200219_094415,False,https://zenodo.org/records/5546663/files/IGWN-GWTC3p0-v1-GW200219_094415_PEDataRelease_mixed_nocosmo.h5?download=1,IGWN-GWTC3p0-v1-GW200219_094415_PEDataRelease_mixed_nocosmo.h5,GWTC-3
GW200220_061928,True,https://zenodo.org/records/5546663/files/IGWN-GWTC3p0-v1-GW200220_061928_PEDataRelease_mixed_cosmo.h5?download=1,IGWN-GWTC3p0-v1-GW200220_061928_PEDataRelease_mixed_cosmo.h5,GWTC-3
GW200220_061928,False,https://zenodo.org/records/5546663/files/IGWN-GWTC3p0-v1-GW200220_061928_PEDataRelease_mixed_nocosmo.h5?download=1,IGWN-GWTC3p0-v1-GW200220_061928_PEDataRelease_mixed_nocosmo.h5,GWTC-3
GW200220_124850,True,https://zenodo.org/records/5546663/files/IGWN-GWTC3p0-v1-GW200220_124850_PEDataRelease_mixed_cosmo.h5?download=1,IGWN-GWTC3p0-v1-GW200220_124850_PEDataRelease_mixed_cosmo.h5,GWTC-3
GW200220_124850,False,https://zenodo.org/records/5546663/files/IGWN-GWTC3p0-v1-GW200220_124850_PEDataRelease_mixed_nocosmo.h5?download=1,IGWN-GWTC3p0-v1-GW200220_124850_PEDataRelease_mixed_nocosmo.h5,GWTC-3
GW200224_222234,True,https://zenodo.org/records/5546663/files/IGWN-GWTC3p0-v1-GW200224_222234_PEDataRelease_mixed_cosmo.h5?download=1,IGWN-GWTC3p0-v1-GW200224_222234_PEDataRelease_mixed_cosmo.h5,GWTC-3
GW200224_222234,False,https://zenodo.org/records/5546663/files/IGWN-GWTC3p0-v1-GW200224_222234_PEDataRelease_mixed_nocosmo.h5?download=1,IGWN-GWTC3p0-v1-GW200224_222234_PEDataRelease_mixed_nocosmo.h5,GWTC-3
GW200225_060421,True,https://zenodo.org/records/5546663/files/IGWN-GWTC3p0-v1-GW200225_060421_PEDataRelease_mixed_cosmo.h5?download=1,IGWN-GWTC3p0-v1-GW200225_060421_PEDataRelease_mixed_cosmo.h5,GWTC-3
GW200225_060421,False,https://zenodo.org/records/5546663/files/IGWN-GWTC3p0-v1-GW200225_060421_PEDataRelease_mixed_nocosmo.h5?download=1,IGWN-GWTC3p0-v1-GW200225_060421_PEDataRelease_mixed_nocosmo.h5,GWTC-3
GW200302_015811,True,https://zenodo.org/records/5546663/files/IGWN-GWTC3p0-v1-GW200302_015811_PEDataRelease_mixed_cosmo.h5?download=1,IGWN-GWTC3p0-v1-GW200302_015811_PEDataRelease_mixed_cosmo.h5,GWTC-3
GW200302_015811,False,https://zenodo.org/records/5546663/files/IGWN-GWTC3p0-v1-GW200302_015811_PEDataRelease_mixed_nocosmo.h5?download=1,IGWN-GWTC3p0-v1-GW200302_015811_PEDataRelease_mixed_nocosmo.h5,GWTC-3
GW200306_093714,True,https://zenodo.org/records/5546663/files/IGWN-GWTC3p0-v1-GW200306_093714_PEDataRelease_mixed_cosmo.h5?download=1,IGWN-GWTC3p0-v1-GW200306_093714_PEDataRelease_mixed_cosmo.h5,GWTC-3
GW200306_093714,False,https://zenodo.org/records/5546663/files/IGWN-GWTC3p0-v1-GW200306_093714_PEDataRelease_mixed_nocosmo.h5?download=1,IGWN-GWTC3p0-v1-GW200306_093714_PEDataRelease_mixed_nocosmo.h5,GWTC-3
GW200308_173609,True,https://zenodo.org/records/5546663/files/IGWN-GWTC3p0-v1-GW200308_173609_PEDataRelease_mixed_cosmo.h5?download=1,IGWN-GWTC3p0-v1-GW200308_173609_PEDataRelease_mixed_cosmo.h5,GWTC-3
GW200308_173609,False,https://zenodo.org/records/5546663/files/IGWN-GWTC3p0-v1-GW200308_173609_PEDataRelease_mixed_nocosmo.h5?download=1,IGWN-GWTC3p0-v1-GW200308_173609_PEDataRelease_mixed_nocosmo.h5,GWTC-3
GW200311_115853,True,https://zenodo.org/records/5546663/files/IGWN-GWTC3p0-v1-GW200311_115853_PEDataRelease_mixed_cosmo.h5?download=1,IGWN-GWTC3p0-v1-GW200311_115853_PEDataRelease_mixed_cosmo.h5,GWTC-3
GW200311_115853,False,https://zenodo.org/records/5546663/files/IGWN-GWTC3p0-v1-GW200311_115853_PEDataRelease_mixed_nocosmo.h5?download=1,IGWN-GWTC3p0-v1-GW200311_115853_PEDataRelease_mixed_nocosmo.h5,GWTC-3
GW200316_215756,True,https://zenodo.org/records/5546663/files/IGWN-GWTC3p0-v1-GW200316_215756_PEDataRelease_mixed_cosmo.h5?download=1,IGWN-GWTC3p0-v1-GW200316_215756_PEDataRelease_mixed_cosmo.h5,GWTC-3
GW200316_215756,False,https://zenodo.org/records/5546663/files/IGWN-GWTC3p0-v1-GW200316_215756_PEDataRelease_mixed_nocosmo.h5?download=1,IGWN-GWTC3p0-v1-GW200316_215756_PEDataRelease_mixed_nocosmo.h5,GWTC-3
GW200322_091133,True,https://zenodo.org/records/5546663/files/IGWN-GWTC3p0-v1-GW200322_091133_PEDataRelease_mixed_cosmo.h5?download=1,IGWN-GWTC3p0-v1-GW200322_091133_PEDataRelease_mixed_cosmo.h5,GWTC-3
GW200322_091133,False,https://zenodo.org/records/5546663/files/IGWN-GWTC3p0-v1-GW200322_091133_PEDataRelease_mixed_nocosmo.h5?download=1,IGWN-GWTC3p0-v1-GW200322_091133_PEDataRelease_mixed_nocosmo.h5,GWTC-3
