,Event,Catalog,Detector_short,Detector,Data_source,Sample_rate,Duration,Time_start,Url
0,GW150914,GWTC-1-confident,H,H1,GWOSC,16384.0,32.0,1126259447.0,https://www.gw-openscience.org/eventapi/json/GWTC-1-confident/GW150914/v3/H-H1_GWOSC_16KHZ_R1-1126259447-32.hdf5
1,GW150914,GWTC-1-confident,H,H1,GWOSC,16384.0,4096.0,1126257415.0,https://www.gw-openscience.org/eventapi/json/GWTC-1-confident/GW150914/v3/H-H1_GWOSC_16KHZ_R1-1126257415-4096.hdf5
2,GW150914,GWTC-1-confident,L,L1,GWOSC,16384.0,32.0,1126259447.0,https://www.gw-openscience.org/eventapi/json/GWTC-1-confident/GW150914/v3/L-L1_GWOSC_16KHZ_R1-1126259447-32.hdf5
3,GW150914,GWTC-1-confident,L,L1,GWOSC,16384.0,4096.0,1126257415.0,https://www.gw-openscience.org/eventapi/json/GWTC-1-confident/GW150914/v3/L-L1_GWOSC_16KHZ_R1-1126257415-4096.hdf5
4,GW151012,GWTC-1-confident,H,H1,GWOSC,16384.0,32.0,1128678885.0,https://www.gw-openscience.org/eventapi/json/GWTC-1-confident/GW151012/v3/H-H1_GWOSC_16KHZ_R1-1128678885-32.hdf5
5,GW151012,GWTC-1-confident,H,H1,GWOSC,16384.0,4096.0,1128676853.0,https://www.gw-openscience.org/eventapi/json/GWTC-1-confident/GW151012/v3/H-H1_GWOSC_16KHZ_R1-1128676853-4096.hdf5
6,GW151012,GWTC-1-confident,L,L1,GWOSC,16384.0,32.0,1128678885.0,https://www.gw-openscience.org/eventapi/json/GWTC-1-confident/GW151012/v3/L-L1_GWOSC_16KHZ_R1-1128678885-32.hdf5
7,GW151012,GWTC-1-confident,L,L1,GWOSC,16384.0,4096.0,1128676853.0,https://www.gw-openscience.org/eventapi/json/GWTC-1-confident/GW151012/v3/L-L1_GWOSC_16KHZ_R1-1128676853-4096.hdf5
8,GW151226,GWTC-1-confident,H,H1,GWOSC,16384.0,32.0,1135136335.0,https://www.gw-openscience.org/eventapi/json/GWTC-1-confident/GW151226/v2/H-H1_GWOSC_16KHZ_R1-1135136335-32.hdf5
9,GW151226,GWTC-1-confident,H,H1,GWOSC,16384.0,4096.0,1135134303.0,https://www.gw-openscience.org/eventapi/json/GWTC-1-confident/GW151226/v2/H-H1_GWOSC_16KHZ_R1-1135134303-4096.hdf5
10,GW151226,GWTC-1-confident,L,L1,GWOSC,16384.0,32.0,1135136335.0,https://www.gw-openscience.org/eventapi/json/GWTC-1-confident/GW151226/v2/L-L1_GWOSC_16KHZ_R1-1135136335-32.hdf5
11,GW151226,GWTC-1-confident,L,L1,GWOSC,16384.0,4096.0,1135134303.0,https://www.gw-openscience.org/eventapi/json/GWTC-1-confident/GW151226/v2/L-L1_GWOSC_16KHZ_R1-1135134303-4096.hdf5
12,GW170104,GWTC-1-confident,H,H1,GWOSC,16384.0,32.0,1167559921.0,https://www.gw-openscience.org/eventapi/json/GWTC-1-confident/GW170104/v2/H-H1_GWOSC_16KHZ_R1-1167559921-32.hdf5
13,GW170104,GWTC-1-confident,H,H1,GWOSC,16384.0,4096.0,1167557889.0,https://www.gw-openscience.org/eventapi/json/GWTC-1-confident/GW170104/v2/H-H1_GWOSC_16KHZ_R1-1167557889-4096.hdf5
14,GW170104,GWTC-1-confident,L,L1,GWOSC,16384.0,32.0,1167559921.0,https://www.gw-openscience.org/eventapi/json/GWTC-1-confident/GW170104/v2/L-L1_GWOSC_16KHZ_R1-1167559921-32.hdf5
15,GW170104,GWTC-1-confident,L,L1,GWOSC,16384.0,4096.0,1167557889.0,https://www.gw-openscience.org/eventapi/json/GWTC-1-confident/GW170104/v2/L-L1_GWOSC_16KHZ_R1-1167557889-4096.hdf5
16,GW170608,GWTC-1-confident,H,H1,GWOSC,16384.0,32.0,1180922479.0,https://www.gw-openscience.org/eventapi/json/GWTC-1-confident/GW170608/v3/H-H1_GWOSC_16KHZ_R1-1180922479-32.hdf5
17,GW170608,GWTC-1-confident,H,H1,GWOSC,16384.0,4096.0,1180920447.0,https://www.gw-openscience.org/eventapi/json/GWTC-1-confident/GW170608/v3/H-H1_GWOSC_16KHZ_R1-1180920447-4096.hdf5
18,GW170608,GWTC-1-confident,L,L1,GWOSC,16384.0,32.0,1180922479.0,https://www.gw-openscience.org/eventapi/json/GWTC-1-confident/GW170608/v3/L-L1_GWOSC_16KHZ_R1-1180922479-32.hdf5
19,GW170608,GWTC-1-confident,L,L1,GWOSC,16384.0,4096.0,1180920447.0,https://www.gw-openscience.org/eventapi/json/GWTC-1-confident/GW170608/v3/L-L1_GWOSC_16KHZ_R1-1180920447-4096.hdf5
20,GW170729,GWTC-1-confident,H,H1,GWOSC,16384.0,32.0,1185389792.0,https://www.gw-openscience.org/eventapi/json/GWTC-1-confident/GW170729/v1/H-H1_GWOSC_16KHZ_R1-1185389792-32.hdf5
21,GW170729,GWTC-1-confident,H,H1,GWOSC,16384.0,4096.0,1185387760.0,https://www.gw-openscience.org/eventapi/json/GWTC-1-confident/GW170729/v1/H-H1_GWOSC_16KHZ_R1-1185387760-4096.hdf5
22,GW170729,GWTC-1-confident,L,L1,GWOSC,16384.0,32.0,1185389792.0,https://www.gw-openscience.org/eventapi/json/GWTC-1-confident/GW170729/v1/L-L1_GWOSC_16KHZ_R1-1185389792-32.hdf5
23,GW170729,GWTC-1-confident,L,L1,GWOSC,16384.0,4096.0,1185387760.0,https://www.gw-openscience.org/eventapi/json/GWTC-1-confident/GW170729/v1/L-L1_GWOSC_16KHZ_R1-1185387760-4096.hdf5
24,GW170729,GWTC-1-confident,V,V1,GWOSC,16384.0,32.0,1185389792.0,https://www.gw-openscience.org/eventapi/json/GWTC-1-confident/GW170729/v1/V-V1_GWOSC_16KHZ_R1-1185389792-32.hdf5
25,GW170729,GWTC-1-confident,V,V1,GWOSC,16384.0,4096.0,1185387760.0,https://www.gw-openscience.org/eventapi/json/GWTC-1-confident/GW170729/v1/V-V1_GWOSC_16KHZ_R1-1185387760-4096.hdf5
26,GW170809,GWTC-1-confident,H,H1,GWOSC,16384.0,32.0,1186302504.0,https://www.gw-openscience.org/eventapi/json/GWTC-1-confident/GW170809/v1/H-H1_GWOSC_16KHZ_R1-1186302504-32.hdf5
27,GW170809,GWTC-1-confident,H,H1,GWOSC,16384.0,4096.0,1186300472.0,https://www.gw-openscience.org/eventapi/json/GWTC-1-confident/GW170809/v1/H-H1_GWOSC_16KHZ_R1-1186300472-4096.hdf5
28,GW170809,GWTC-1-confident,L,L1,GWOSC,16384.0,32.0,1186302504.0,https://www.gw-openscience.org/eventapi/json/GWTC-1-confident/GW170809/v1/L-L1_GWOSC_16KHZ_R1-1186302504-32.hdf5
29,GW170809,GWTC-1-confident,L,L1,GWOSC,16384.0,4096.0,1186300472.0,https://www.gw-openscience.org/eventapi/json/GWTC-1-confident/GW170809/v1/L-L1_GWOSC_16KHZ_R1-1186300472-4096.hdf5
30,GW170809,GWTC-1-confident,V,V1,GWOSC,16384.0,32.0,1186302504.0,https://www.gw-openscience.org/eventapi/json/GWTC-1-confident/GW170809/v1/V-V1_GWOSC_16KHZ_R1-1186302504-32.hdf5
31,GW170809,GWTC-1-confident,V,V1,GWOSC,16384.0,4096.0,1186300472.0,https://www.gw-openscience.org/eventapi/json/GWTC-1-confident/GW170809/v1/V-V1_GWOSC_16KHZ_R1-1186300472-4096.hdf5
32,GW170814,GWTC-1-confident,H,H1,GWOSC,16384.0,32.0,1186741846.0,https://www.gw-openscience.org/eventapi/json/GWTC-1-confident/GW170814/v3/H-H1_GWOSC_16KHZ_R1-1186741846-32.hdf5
33,GW170814,GWTC-1-confident,H,H1,GWOSC,16384.0,4096.0,1186739814.0,https://www.gw-openscience.org/eventapi/json/GWTC-1-confident/GW170814/v3/H-H1_GWOSC_16KHZ_R1-1186739814-4096.hdf5
34,GW170814,GWTC-1-confident,L,L1,GWOSC,16384.0,32.0,1186741846.0,https://www.gw-openscience.org/eventapi/json/GWTC-1-confident/GW170814/v3/L-L1_GWOSC_16KHZ_R1-1186741846-32.hdf5
35,GW170814,GWTC-1-confident,L,L1,GWOSC,16384.0,4096.0,1186739814.0,https://www.gw-openscience.org/eventapi/json/GWTC-1-confident/GW170814/v3/L-L1_GWOSC_16KHZ_R1-1186739814-4096.hdf5
36,GW170814,GWTC-1-confident,V,V1,GWOSC,16384.0,32.0,1186741846.0,https://www.gw-openscience.org/eventapi/json/GWTC-1-confident/GW170814/v3/V-V1_GWOSC_16KHZ_R1-1186741846-32.hdf5
37,GW170814,GWTC-1-confident,V,V1,GWOSC,16384.0,4096.0,1186739814.0,https://www.gw-openscience.org/eventapi/json/GWTC-1-confident/GW170814/v3/V-V1_GWOSC_16KHZ_R1-1186739814-4096.hdf5
40,GW170817,GWTC-1-confident,H,H1,GWOSC,16384.0,32.0,1187008867.0,https://www.gw-openscience.org/eventapi/json/GWTC-1-confident/GW170817/v3/H-H1_GWOSC_16KHZ_R1-1187008867-32.hdf5
41,GW170817,GWTC-1-confident,H,H1,GWOSC,16384.0,4096.0,1187006835.0,https://www.gw-openscience.org/eventapi/json/GWTC-1-confident/GW170817/v3/H-H1_GWOSC_16KHZ_R1-1187006835-4096.hdf5
42,GW170817,GWTC-1-confident,L,L1,GWOSC,16384.0,32.0,1187008867.0,https://www.gw-openscience.org/eventapi/json/GWTC-1-confident/GW170817/v3/L-L1_GWOSC_16KHZ_R1-1187008867-32.hdf5
43,GW170817,GWTC-1-confident,L,L1,GWOSC,16384.0,4096.0,1187006835.0,https://www.gw-openscience.org/eventapi/json/GWTC-1-confident/GW170817/v3/L-L1_GWOSC_16KHZ_R1-1187006835-4096.hdf5
44,GW170817,GWTC-1-confident,V,V1,GWOSC,16384.0,32.0,1187008867.0,https://www.gw-openscience.org/eventapi/json/GWTC-1-confident/GW170817/v3/V-V1_GWOSC_16KHZ_R1-1187008867-32.hdf5
45,GW170817,GWTC-1-confident,V,V1,GWOSC,16384.0,4096.0,1187006835.0,https://www.gw-openscience.org/eventapi/json/GWTC-1-confident/GW170817/v3/V-V1_GWOSC_16KHZ_R1-1187006835-4096.hdf5
46,GW170818,GWTC-1-confident,H,H1,GWOSC,16384.0,32.0,1187058312.0,https://www.gw-openscience.org/eventapi/json/GWTC-1-confident/GW170818/v1/H-H1_GWOSC_16KHZ_R1-1187058312-32.hdf5
47,GW170818,GWTC-1-confident,H,H1,GWOSC,16384.0,4096.0,1187056280.0,https://www.gw-openscience.org/eventapi/json/GWTC-1-confident/GW170818/v1/H-H1_GWOSC_16KHZ_R1-1187056280-4096.hdf5
48,GW170818,GWTC-1-confident,L,L1,GWOSC,16384.0,32.0,1187058312.0,https://www.gw-openscience.org/eventapi/json/GWTC-1-confident/GW170818/v1/L-L1_GWOSC_16KHZ_R1-1187058312-32.hdf5
49,GW170818,GWTC-1-confident,L,L1,GWOSC,16384.0,4096.0,1187056280.0,https://www.gw-openscience.org/eventapi/json/GWTC-1-confident/GW170818/v1/L-L1_GWOSC_16KHZ_R1-1187056280-4096.hdf5
50,GW170818,GWTC-1-confident,V,V1,GWOSC,16384.0,32.0,1187058312.0,https://www.gw-openscience.org/eventapi/json/GWTC-1-confident/GW170818/v1/V-V1_GWOSC_16KHZ_R1-1187058312-32.hdf5
51,GW170818,GWTC-1-confident,V,V1,GWOSC,16384.0,4096.0,1187056280.0,https://www.gw-openscience.org/eventapi/json/GWTC-1-confident/GW170818/v1/V-V1_GWOSC_16KHZ_R1-1187056280-4096.hdf5
52,GW170823,GWTC-1-confident,H,H1,GWOSC,16384.0,32.0,1187529241.0,https://www.gw-openscience.org/eventapi/json/GWTC-1-confident/GW170823/v1/H-H1_GWOSC_16KHZ_R1-1187529241-32.hdf5
53,GW170823,GWTC-1-confident,H,H1,GWOSC,16384.0,4096.0,1187527209.0,https://www.gw-openscience.org/eventapi/json/GWTC-1-confident/GW170823/v1/H-H1_GWOSC_16KHZ_R1-1187527209-4096.hdf5
54,GW170823,GWTC-1-confident,L,L1,GWOSC,16384.0,32.0,1187529241.0,https://www.gw-openscience.org/eventapi/json/GWTC-1-confident/GW170823/v1/L-L1_GWOSC_16KHZ_R1-1187529241-32.hdf5
55,GW170823,GWTC-1-confident,L,L1,GWOSC,16384.0,4096.0,1187527209.0,https://www.gw-openscience.org/eventapi/json/GWTC-1-confident/GW170823/v1/L-L1_GWOSC_16KHZ_R1-1187527209-4096.hdf5
56,GW190403_051519,GWTC-2.1-confident,H,H1,GWOSC,16384.0,32.0,1238303722.0,https://www.gw-openscience.org/eventapi/json/GWTC-2.1-confident/GW190403_051519/v1/H-H1_GWOSC_16KHZ_R1-1238303722-32.hdf5
57,GW190403_051519,GWTC-2.1-confident,H,H1,GWOSC,16384.0,4096.0,1238301690.0,https://www.gw-openscience.org/eventapi/json/GWTC-2.1-confident/GW190403_051519/v1/H-H1_GWOSC_16KHZ_R1-1238301690-4096.hdf5
58,GW190403_051519,GWTC-2.1-confident,L,L1,GWOSC,16384.0,32.0,1238303722.0,https://www.gw-openscience.org/eventapi/json/GWTC-2.1-confident/GW190403_051519/v1/L-L1_GWOSC_16KHZ_R1-1238303722-32.hdf5
59,GW190403_051519,GWTC-2.1-confident,L,L1,GWOSC,16384.0,4096.0,1238301690.0,https://www.gw-openscience.org/eventapi/json/GWTC-2.1-confident/GW190403_051519/v1/L-L1_GWOSC_16KHZ_R1-1238301690-4096.hdf5
60,GW190408_181802,GWTC-2.1-confident,H,H1,GWOSC,16384.0,32.0,1238782685.0,https://www.gw-openscience.org/eventapi/json/GWTC-2.1-confident/GW190408_181802/v2/H-H1_GWOSC_16KHZ_R1-1238782685-32.hdf5
61,GW190408_181802,GWTC-2.1-confident,H,H1,GWOSC,16384.0,4096.0,1238780653.0,https://www.gw-openscience.org/eventapi/json/GWTC-2.1-confident/GW190408_181802/v2/H-H1_GWOSC_16KHZ_R1-1238780653-4096.hdf5
62,GW190408_181802,GWTC-2.1-confident,L,L1,GWOSC,16384.0,32.0,1238782685.0,https://www.gw-openscience.org/eventapi/json/GWTC-2.1-confident/GW190408_181802/v2/L-L1_GWOSC_16KHZ_R1-1238782685-32.hdf5
63,GW190408_181802,GWTC-2.1-confident,L,L1,GWOSC,16384.0,4096.0,1238780653.0,https://www.gw-openscience.org/eventapi/json/GWTC-2.1-confident/GW190408_181802/v2/L-L1_GWOSC_16KHZ_R1-1238780653-4096.hdf5
64,GW190408_181802,GWTC-2.1-confident,V,V1,GWOSC,16384.0,32.0,1238782685.0,https://www.gw-openscience.org/eventapi/json/GWTC-2.1-confident/GW190408_181802/v2/V-V1_GWOSC_16KHZ_R1-1238782685-32.hdf5
65,GW190408_181802,GWTC-2.1-confident,V,V1,GWOSC,16384.0,4096.0,1238780653.0,https://www.gw-openscience.org/eventapi/json/GWTC-2.1-confident/GW190408_181802/v2/V-V1_GWOSC_16KHZ_R1-1238780653-4096.hdf5
66,GW190412,GWTC-2.1-confident,H,H1,GWOSC,16384.0,32.0,1239082247.0,https://www.gw-openscience.org/eventapi/json/GWTC-2.1-confident/GW190412/v4/H-H1_GWOSC_16KHZ_R1-1239082247-32.hdf5
67,GW190412,GWTC-2.1-confident,H,H1,GWOSC,16384.0,4096.0,1239080215.0,https://www.gw-openscience.org/eventapi/json/GWTC-2.1-confident/GW190412/v4/H-H1_GWOSC_16KHZ_R1-1239080215-4096.hdf5
68,GW190412,GWTC-2.1-confident,L,L1,GWOSC,16384.0,32.0,1239082247.0,https://www.gw-openscience.org/eventapi/json/GWTC-2.1-confident/GW190412/v4/L-L1_GWOSC_16KHZ_R1-1239082247-32.hdf5
69,GW190412,GWTC-2.1-confident,L,L1,GWOSC,16384.0,4096.0,1239080215.0,https://www.gw-openscience.org/eventapi/json/GWTC-2.1-confident/GW190412/v4/L-L1_GWOSC_16KHZ_R1-1239080215-4096.hdf5
70,GW190412,GWTC-2.1-confident,V,V1,GWOSC,16384.0,32.0,1239082247.0,https://www.gw-openscience.org/eventapi/json/GWTC-2.1-confident/GW190412/v4/V-V1_GWOSC_16KHZ_R1-1239082247-32.hdf5
71,GW190412,GWTC-2.1-confident,V,V1,GWOSC,16384.0,4096.0,1239080215.0,https://www.gw-openscience.org/eventapi/json/GWTC-2.1-confident/GW190412/v4/V-V1_GWOSC_16KHZ_R1-1239080215-4096.hdf5
72,GW190413_052954,GWTC-2.1-confident,H,H1,GWOSC,16384.0,32.0,1239168597.0,https://www.gw-openscience.org/eventapi/json/GWTC-2.1-confident/GW190413_052954/v2/H-H1_GWOSC_16KHZ_R1-1239168597-32.hdf5
73,GW190413_052954,GWTC-2.1-confident,H,H1,GWOSC,16384.0,4096.0,1239166565.0,https://www.gw-openscience.org/eventapi/json/GWTC-2.1-confident/GW190413_052954/v2/H-H1_GWOSC_16KHZ_R1-1239166565-4096.hdf5
74,GW190413_052954,GWTC-2.1-confident,L,L1,GWOSC,16384.0,32.0,1239168597.0,https://www.gw-openscience.org/eventapi/json/GWTC-2.1-confident/GW190413_052954/v2/L-L1_GWOSC_16KHZ_R1-1239168597-32.hdf5
75,GW190413_052954,GWTC-2.1-confident,L,L1,GWOSC,16384.0,4096.0,1239166565.0,https://www.gw-openscience.org/eventapi/json/GWTC-2.1-confident/GW190413_052954/v2/L-L1_GWOSC_16KHZ_R1-1239166565-4096.hdf5
76,GW190413_134308,GWTC-2.1-confident,H,H1,GWOSC,16384.0,32.0,1239198191.0,https://www.gw-openscience.org/eventapi/json/GWTC-2.1-confident/GW190413_134308/v2/H-H1_GWOSC_16KHZ_R1-1239198191-32.hdf5
77,GW190413_134308,GWTC-2.1-confident,H,H1,GWOSC,16384.0,4096.0,1239196159.0,https://www.gw-openscience.org/eventapi/json/GWTC-2.1-confident/GW190413_134308/v2/H-H1_GWOSC_16KHZ_R1-1239196159-4096.hdf5
78,GW190413_134308,GWTC-2.1-confident,L,L1,GWOSC,16384.0,32.0,1239198191.0,https://www.gw-openscience.org/eventapi/json/GWTC-2.1-confident/GW190413_134308/v2/L-L1_GWOSC_16KHZ_R1-1239198191-32.hdf5
79,GW190413_134308,GWTC-2.1-confident,L,L1,GWOSC,16384.0,4096.0,1239196159.0,https://www.gw-openscience.org/eventapi/json/GWTC-2.1-confident/GW190413_134308/v2/L-L1_GWOSC_16KHZ_R1-1239196159-4096.hdf5
80,GW190413_134308,GWTC-2.1-confident,V,V1,GWOSC,16384.0,32.0,1239198191.0,https://www.gw-openscience.org/eventapi/json/GWTC-2.1-confident/GW190413_134308/v2/V-V1_GWOSC_16KHZ_R1-1239198191-32.hdf5
81,GW190413_134308,GWTC-2.1-confident,V,V1,GWOSC,16384.0,4096.0,1239196159.0,https://www.gw-openscience.org/eventapi/json/GWTC-2.1-confident/GW190413_134308/v2/V-V1_GWOSC_16KHZ_R1-1239196159-4096.hdf5
82,GW190421_213856,GWTC-2.1-confident,H,H1,GWOSC,16384.0,32.0,1239917939.0,https://www.gw-openscience.org/eventapi/json/GWTC-2.1-confident/GW190421_213856/v2/H-H1_GWOSC_16KHZ_R1-1239917939-32.hdf5
83,GW190421_213856,GWTC-2.1-confident,H,H1,GWOSC,16384.0,4096.0,1239915907.0,https://www.gw-openscience.org/eventapi/json/GWTC-2.1-confident/GW190421_213856/v2/H-H1_GWOSC_16KHZ_R1-1239915907-4096.hdf5
84,GW190421_213856,GWTC-2.1-confident,L,L1,GWOSC,16384.0,32.0,1239917939.0,https://www.gw-openscience.org/eventapi/json/GWTC-2.1-confident/GW190421_213856/v2/L-L1_GWOSC_16KHZ_R1-1239917939-32.hdf5
85,GW190421_213856,GWTC-2.1-confident,L,L1,GWOSC,16384.0,4096.0,1239915907.0,https://www.gw-openscience.org/eventapi/json/GWTC-2.1-confident/GW190421_213856/v2/L-L1_GWOSC_16KHZ_R1-1239915907-4096.hdf5
86,GW190425,GWTC-2.1-confident,L,L1,GWOSC,16384.0,32.0,1240215487.0,https://www.gw-openscience.org/eventapi/json/GWTC-2.1-confident/GW190425/v3/L-L1_GWOSC_16KHZ_R1-1240215487-32.hdf5
87,GW190425,GWTC-2.1-confident,L,L1,GWOSC,16384.0,4096.0,1240213455.0,https://www.gw-openscience.org/eventapi/json/GWTC-2.1-confident/GW190425/v3/L-L1_GWOSC_16KHZ_R1-1240213455-4096.hdf5
88,GW190425,GWTC-2.1-confident,V,V1,GWOSC,16384.0,32.0,1240215487.0,https://www.gw-openscience.org/eventapi/json/GWTC-2.1-confident/GW190425/v3/V-V1_GWOSC_16KHZ_R1-1240215487-32.hdf5
89,GW190425,GWTC-2.1-confident,V,V1,GWOSC,16384.0,4096.0,1240213455.0,https://www.gw-openscience.org/eventapi/json/GWTC-2.1-confident/GW190425/v3/V-V1_GWOSC_16KHZ_R1-1240213455-4096.hdf5
90,GW190426_190642,GWTC-2.1-confident,H,H1,GWOSC,16384.0,32.0,1240340805.0,https://www.gw-openscience.org/eventapi/json/GWTC-2.1-confident/GW190426_190642/v1/H-H1_GWOSC_16KHZ_R1-1240340805-32.hdf5
91,GW190426_190642,GWTC-2.1-confident,H,H1,GWOSC,16384.0,4096.0,1240338773.0,https://www.gw-openscience.org/eventapi/json/GWTC-2.1-confident/GW190426_190642/v1/H-H1_GWOSC_16KHZ_R1-1240338773-4096.hdf5
92,GW190426_190642,GWTC-2.1-confident,L,L1,GWOSC,16384.0,32.0,1240340805.0,https://www.gw-openscience.org/eventapi/json/GWTC-2.1-confident/GW190426_190642/v1/L-L1_GWOSC_16KHZ_R1-1240340805-32.hdf5
93,GW190426_190642,GWTC-2.1-confident,L,L1,GWOSC,16384.0,4096.0,1240338773.0,https://www.gw-openscience.org/eventapi/json/GWTC-2.1-confident/GW190426_190642/v1/L-L1_GWOSC_16KHZ_R1-1240338773-4096.hdf5
94,GW190503_185404,GWTC-2.1-confident,H,H1,GWOSC,16384.0,32.0,1240944847.0,https://www.gw-openscience.org/eventapi/json/GWTC-2.1-confident/GW190503_185404/v2/H-H1_GWOSC_16KHZ_R1-1240944847-32.hdf5
95,GW190503_185404,GWTC-2.1-confident,H,H1,GWOSC,16384.0,4096.0,1240942815.0,https://www.gw-openscience.org/eventapi/json/GWTC-2.1-confident/GW190503_185404/v2/H-H1_GWOSC_16KHZ_R1-1240942815-4096.hdf5
96,GW190503_185404,GWTC-2.1-confident,L,L1,GWOSC,16384.0,32.0,1240944847.0,https://www.gw-openscience.org/eventapi/json/GWTC-2.1-confident/GW190503_185404/v2/L-L1_GWOSC_16KHZ_R1-1240944847-32.hdf5
97,GW190503_185404,GWTC-2.1-confident,L,L1,GWOSC,16384.0,4096.0,1240942815.0,https://www.gw-openscience.org/eventapi/json/GWTC-2.1-confident/GW190503_185404/v2/L-L1_GWOSC_16KHZ_R1-1240942815-4096.hdf5
98,GW190503_185404,GWTC-2.1-confident,V,V1,GWOSC,16384.0,32.0,1240944847.0,https://www.gw-openscience.org/eventapi/json/GWTC-2.1-confident/GW190503_185404/v2/V-V1_GWOSC_16KHZ_R1-1240944847-32.hdf5
99,GW190503_185404,GWTC-2.1-confident,V,V1,GWOSC,16384.0,4096.0,1240942815.0,https://www.gw-openscience.org/eventapi/json/GWTC-2.1-confident/GW190503_185404/v2/V-V1_GWOSC_16KHZ_R1-1240942815-4096.hdf5
100,GW190512_180714,GWTC-2.1-confident,H,H1,GWOSC,16384.0,32.0,1241719637.0,https://www.gw-openscience.org/eventapi/json/GWTC-2.1-confident/GW190512_180714/v2/H-H1_GWOSC_16KHZ_R1-1241719637-32.hdf5
101,GW190512_180714,GWTC-2.1-confident,H,H1,GWOSC,16384.0,4096.0,1241717605.0,https://www.gw-openscience.org/eventapi/json/GWTC-2.1-confident/GW190512_180714/v2/H-H1_GWOSC_16KHZ_R1-1241717605-4096.hdf5
102,GW190512_180714,GWTC-2.1-confident,L,L1,GWOSC,16384.0,32.0,1241719637.0,https://www.gw-openscience.org/eventapi/json/GWTC-2.1-confident/GW190512_180714/v2/L-L1_GWOSC_16KHZ_R1-1241719637-32.hdf5
103,GW190512_180714,GWTC-2.1-confident,L,L1,GWOSC,16384.0,4096.0,1241717605.0,https://www.gw-openscience.org/eventapi/json/GWTC-2.1-confident/GW190512_180714/v2/L-L1_GWOSC_16KHZ_R1-1241717605-4096.hdf5
104,GW190512_180714,GWTC-2.1-confident,V,V1,GWOSC,16384.0,32.0,1241719637.0,https://www.gw-openscience.org/eventapi/json/GWTC-2.1-confident/GW190512_180714/v2/V-V1_GWOSC_16KHZ_R1-1241719637-32.hdf5
105,GW190512_180714,GWTC-2.1-confident,V,V1,GWOSC,16384.0,4096.0,1241717605.0,https://www.gw-openscience.org/eventapi/json/GWTC-2.1-confident/GW190512_180714/v2/V-V1_GWOSC_16KHZ_R1-1241717605-4096.hdf5
106,GW190513_205428,GWTC-2.1-confident,H,H1,GWOSC,16384.0,32.0,1241816071.0,https://www.gw-openscience.org/eventapi/json/GWTC-2.1-confident/GW190513_205428/v2/H-H1_GWOSC_16KHZ_R1-1241816071-32.hdf5
107,GW190513_205428,GWTC-2.1-confident,H,H1,GWOSC,16384.0,4096.0,1241814039.0,https://www.gw-openscience.org/eventapi/json/GWTC-2.1-confident/GW190513_205428/v2/H-H1_GWOSC_16KHZ_R1-1241814039-4096.hdf5
108,GW190513_205428,GWTC-2.1-confident,L,L1,GWOSC,16384.0,32.0,1241816071.0,https://www.gw-openscience.org/eventapi/json/GWTC-2.1-confident/GW190513_205428/v2/L-L1_GWOSC_16KHZ_R1-1241816071-32.hdf5
109,GW190513_205428,GWTC-2.1-confident,L,L1,GWOSC,16384.0,4096.0,1241814039.0,https://www.gw-openscience.org/eventapi/json/GWTC-2.1-confident/GW190513_205428/v2/L-L1_GWOSC_16KHZ_R1-1241814039-4096.hdf5
110,GW190513_205428,GWTC-2.1-confident,V,V1,GWOSC,16384.0,32.0,1241816071.0,https://www.gw-openscience.org/eventapi/json/GWTC-2.1-confident/GW190513_205428/v2/V-V1_GWOSC_16KHZ_R1-1241816071-32.hdf5
111,GW190513_205428,GWTC-2.1-confident,V,V1,GWOSC,16384.0,4096.0,1241814039.0,https://www.gw-openscience.org/eventapi/json/GWTC-2.1-confident/GW190513_205428/v2/V-V1_GWOSC_16KHZ_R1-1241814039-4096.hdf5
112,GW190514_065416,GWTC-2.1-confident,H,H1,GWOSC,16384.0,32.0,1241852059.0,https://www.gw-openscience.org/eventapi/json/GWTC-2.1-confident/GW190514_065416/v2/H-H1_GWOSC_16KHZ_R1-1241852059-32.hdf5
113,GW190514_065416,GWTC-2.1-confident,H,H1,GWOSC,16384.0,4096.0,1241850027.0,https://www.gw-openscience.org/eventapi/json/GWTC-2.1-confident/GW190514_065416/v2/H-H1_GWOSC_16KHZ_R1-1241850027-4096.hdf5
114,GW190514_065416,GWTC-2.1-confident,L,L1,GWOSC,16384.0,32.0,1241852059.0,https://www.gw-openscience.org/eventapi/json/GWTC-2.1-confident/GW190514_065416/v2/L-L1_GWOSC_16KHZ_R1-1241852059-32.hdf5
115,GW190514_065416,GWTC-2.1-confident,L,L1,GWOSC,16384.0,4096.0,1241850027.0,https://www.gw-openscience.org/eventapi/json/GWTC-2.1-confident/GW190514_065416/v2/L-L1_GWOSC_16KHZ_R1-1241850027-4096.hdf5
116,GW190517_055101,GWTC-2.1-confident,H,H1,GWOSC,16384.0,32.0,1242107464.0,https://www.gw-openscience.org/eventapi/json/GWTC-2.1-confident/GW190517_055101/v2/H-H1_GWOSC_16KHZ_R1-1242107464-32.hdf5
117,GW190517_055101,GWTC-2.1-confident,H,H1,GWOSC,16384.0,4096.0,1242105432.0,https://www.gw-openscience.org/eventapi/json/GWTC-2.1-confident/GW190517_055101/v2/H-H1_GWOSC_16KHZ_R1-1242105432-4096.hdf5
118,GW190517_055101,GWTC-2.1-confident,L,L1,GWOSC,16384.0,32.0,1242107464.0,https://www.gw-openscience.org/eventapi/json/GWTC-2.1-confident/GW190517_055101/v2/L-L1_GWOSC_16KHZ_R1-1242107464-32.hdf5
119,GW190517_055101,GWTC-2.1-confident,L,L1,GWOSC,16384.0,4096.0,1242105432.0,https://www.gw-openscience.org/eventapi/json/GWTC-2.1-confident/GW190517_055101/v2/L-L1_GWOSC_16KHZ_R1-1242105432-4096.hdf5
120,GW190517_055101,GWTC-2.1-confident,V,V1,GWOSC,16384.0,32.0,1242107464.0,https://www.gw-openscience.org/eventapi/json/GWTC-2.1-confident/GW190517_055101/v2/V-V1_GWOSC_16KHZ_R1-1242107464-32.hdf5
121,GW190517_055101,GWTC-2.1-confident,V,V1,GWOSC,16384.0,4096.0,1242105432.0,https://www.gw-openscience.org/eventapi/json/GWTC-2.1-confident/GW190517_055101/v2/V-V1_GWOSC_16KHZ_R1-1242105432-4096.hdf5
122,GW190519_153544,GWTC-2.1-confident,H,H1,GWOSC,16384.0,32.0,1242315347.0,https://www.gw-openscience.org/eventapi/json/GWTC-2.1-confident/GW190519_153544/v2/H-H1_GWOSC_16KHZ_R1-1242315347-32.hdf5
123,GW190519_153544,GWTC-2.1-confident,H,H1,GWOSC,16384.0,4096.0,1242313315.0,https://www.gw-openscience.org/eventapi/json/GWTC-2.1-confident/GW190519_153544/v2/H-H1_GWOSC_16KHZ_R1-1242313315-4096.hdf5
124,GW190519_153544,GWTC-2.1-confident,L,L1,GWOSC,16384.0,32.0,1242315347.0,https://www.gw-openscience.org/eventapi/json/GWTC-2.1-confident/GW190519_153544/v2/L-L1_GWOSC_16KHZ_R1-1242315347-32.hdf5
125,GW190519_153544,GWTC-2.1-confident,L,L1,GWOSC,16384.0,4096.0,1242313315.0,https://www.gw-openscience.org/eventapi/json/GWTC-2.1-confident/GW190519_153544/v2/L-L1_GWOSC_16KHZ_R1-1242313315-4096.hdf5
126,GW190519_153544,GWTC-2.1-confident,V,V1,GWOSC,16384.0,32.0,1242315347.0,https://www.gw-openscience.org/eventapi/json/GWTC-2.1-confident/GW190519_153544/v2/V-V1_GWOSC_16KHZ_R1-1242315347-32.hdf5
127,GW190519_153544,GWTC-2.1-confident,V,V1,GWOSC,16384.0,4096.0,1242313315.0,https://www.gw-openscience.org/eventapi/json/GWTC-2.1-confident/GW190519_153544/v2/V-V1_GWOSC_16KHZ_R1-1242313315-4096.hdf5
128,GW190521,GWTC-2.1-confident,H,H1,GWOSC,16384.0,32.0,1242442952.0,https://www.gw-openscience.org/eventapi/json/GWTC-2.1-confident/GW190521/v4/H-H1_GWOSC_16KHZ_R1-1242442952-32.hdf5
129,GW190521,GWTC-2.1-confident,H,H1,GWOSC,16384.0,4096.0,1242440920.0,https://www.gw-openscience.org/eventapi/json/GWTC-2.1-confident/GW190521/v4/H-H1_GWOSC_16KHZ_R1-1242440920-4096.hdf5
130,GW190521,GWTC-2.1-confident,L,L1,GWOSC,16384.0,32.0,1242442952.0,https://www.gw-openscience.org/eventapi/json/GWTC-2.1-confident/GW190521/v4/L-L1_GWOSC_16KHZ_R1-1242442952-32.hdf5
131,GW190521,GWTC-2.1-confident,L,L1,GWOSC,16384.0,4096.0,1242440920.0,https://www.gw-openscience.org/eventapi/json/GWTC-2.1-confident/GW190521/v4/L-L1_GWOSC_16KHZ_R1-1242440920-4096.hdf5
132,GW190521,GWTC-2.1-confident,V,V1,GWOSC,16384.0,32.0,1242442952.0,https://www.gw-openscience.org/eventapi/json/GWTC-2.1-confident/GW190521/v4/V-V1_GWOSC_16KHZ_R1-1242442952-32.hdf5
133,GW190521,GWTC-2.1-confident,V,V1,GWOSC,16384.0,4096.0,1242440920.0,https://www.gw-openscience.org/eventapi/json/GWTC-2.1-confident/GW190521/v4/V-V1_GWOSC_16KHZ_R1-1242440920-4096.hdf5
134,GW190521_074359,GWTC-2.1-confident,H,H1,GWOSC,16384.0,32.0,1242459842.0,https://www.gw-openscience.org/eventapi/json/GWTC-2.1-confident/GW190521_074359/v2/H-H1_GWOSC_16KHZ_R1-1242459842-32.hdf5
135,GW190521_074359,GWTC-2.1-confident,H,H1,GWOSC,16384.0,4096.0,1242457810.0,https://www.gw-openscience.org/eventapi/json/GWTC-2.1-confident/GW190521_074359/v2/H-H1_GWOSC_16KHZ_R1-1242457810-4096.hdf5
136,GW190521_074359,GWTC-2.1-confident,L,L1,GWOSC,16384.0,32.0,1242459842.0,https://www.gw-openscience.org/eventapi/json/GWTC-2.1-confident/GW190521_074359/v2/L-L1_GWOSC_16KHZ_R1-1242459842-32.hdf5
137,GW190521_074359,GWTC-2.1-confident,L,L1,GWOSC,16384.0,4096.0,1242457810.0,https://www.gw-openscience.org/eventapi/json/GWTC-2.1-confident/GW190521_074359/v2/L-L1_GWOSC_16KHZ_R1-1242457810-4096.hdf5
138,GW190527_092055,GWTC-2.1-confident,H,H1,GWOSC,16384.0,32.0,1242984058.0,https://www.gw-openscience.org/eventapi/json/GWTC-2.1-confident/GW190527_092055/v2/H-H1_GWOSC_16KHZ_R1-1242984058-32.hdf5
139,GW190527_092055,GWTC-2.1-confident,H,H1,GWOSC,16384.0,4096.0,1242982026.0,https://www.gw-openscience.org/eventapi/json/GWTC-2.1-confident/GW190527_092055/v2/H-H1_GWOSC_16KHZ_R1-1242982026-4096.hdf5
140,GW190527_092055,GWTC-2.1-confident,L,L1,GWOSC,16384.0,32.0,1242984058.0,https://www.gw-openscience.org/eventapi/json/GWTC-2.1-confident/GW190527_092055/v2/L-L1_GWOSC_16KHZ_R1-1242984058-32.hdf5
141,GW190527_092055,GWTC-2.1-confident,L,L1,GWOSC,16384.0,4096.0,1242982026.0,https://www.gw-openscience.org/eventapi/json/GWTC-2.1-confident/GW190527_092055/v2/L-L1_GWOSC_16KHZ_R1-1242982026-4096.hdf5
142,GW190602_175927,GWTC-2.1-confident,H,H1,GWOSC,16384.0,32.0,1243533569.0,https://www.gw-openscience.org/eventapi/json/GWTC-2.1-confident/GW190602_175927/v2/H-H1_GWOSC_16KHZ_R1-1243533569-32.hdf5
143,GW190602_175927,GWTC-2.1-confident,H,H1,GWOSC,16384.0,4096.0,1243531537.0,https://www.gw-openscience.org/eventapi/json/GWTC-2.1-confident/GW190602_175927/v2/H-H1_GWOSC_16KHZ_R1-1243531537-4096.hdf5
144,GW190602_175927,GWTC-2.1-confident,L,L1,GWOSC,16384.0,32.0,1243533569.0,https://www.gw-openscience.org/eventapi/json/GWTC-2.1-confident/GW190602_175927/v2/L-L1_GWOSC_16KHZ_R1-1243533569-32.hdf5
145,GW190602_175927,GWTC-2.1-confident,L,L1,GWOSC,16384.0,4096.0,1243531537.0,https://www.gw-openscience.org/eventapi/json/GWTC-2.1-confident/GW190602_175927/v2/L-L1_GWOSC_16KHZ_R1-1243531537-4096.hdf5
146,GW190602_175927,GWTC-2.1-confident,V,V1,GWOSC,16384.0,32.0,1243533569.0,https://www.gw-openscience.org/eventapi/json/GWTC-2.1-confident/GW190602_175927/v2/V-V1_GWOSC_16KHZ_R1-1243533569-32.hdf5
147,GW190602_175927,GWTC-2.1-confident,V,V1,GWOSC,16384.0,4096.0,1243531537.0,https://www.gw-openscience.org/eventapi/json/GWTC-2.1-confident/GW190602_175927/v2/V-V1_GWOSC_16KHZ_R1-1243531537-4096.hdf5
148,GW190620_030421,GWTC-2.1-confident,L,L1,GWOSC,16384.0,32.0,1245035064.0,https://www.gw-openscience.org/eventapi/json/GWTC-2.1-confident/GW190620_030421/v2/L-L1_GWOSC_16KHZ_R1-1245035064-32.hdf5
149,GW190620_030421,GWTC-2.1-confident,L,L1,GWOSC,16384.0,4096.0,1245033032.0,https://www.gw-openscience.org/eventapi/json/GWTC-2.1-confident/GW190620_030421/v2/L-L1_GWOSC_16KHZ_R1-1245033032-4096.hdf5
150,GW190620_030421,GWTC-2.1-confident,V,V1,GWOSC,16384.0,32.0,1245035064.0,https://www.gw-openscience.org/eventapi/json/GWTC-2.1-confident/GW190620_030421/v2/V-V1_GWOSC_16KHZ_R1-1245035064-32.hdf5
151,GW190620_030421,GWTC-2.1-confident,V,V1,GWOSC,16384.0,4096.0,1245033032.0,https://www.gw-openscience.org/eventapi/json/GWTC-2.1-confident/GW190620_030421/v2/V-V1_GWOSC_16KHZ_R1-1245033032-4096.hdf5
152,GW190630_185205,GWTC-2.1-confident,L,L1,GWOSC,16384.0,32.0,1245955928.0,https://www.gw-openscience.org/eventapi/json/GWTC-2.1-confident/GW190630_185205/v2/L-L1_GWOSC_16KHZ_R1-1245955928-32.hdf5
153,GW190630_185205,GWTC-2.1-confident,L,L1,GWOSC,16384.0,4096.0,1245953896.0,https://www.gw-openscience.org/eventapi/json/GWTC-2.1-confident/GW190630_185205/v2/L-L1_GWOSC_16KHZ_R1-1245953896-4096.hdf5
154,GW190630_185205,GWTC-2.1-confident,V,V1,GWOSC,16384.0,32.0,1245955928.0,https://www.gw-openscience.org/eventapi/json/GWTC-2.1-confident/GW190630_185205/v2/V-V1_GWOSC_16KHZ_R1-1245955928-32.hdf5
155,GW190630_185205,GWTC-2.1-confident,V,V1,GWOSC,16384.0,4096.0,1245953896.0,https://www.gw-openscience.org/eventapi/json/GWTC-2.1-confident/GW190630_185205/v2/V-V1_GWOSC_16KHZ_R1-1245953896-4096.hdf5
156,GW190701_203306,GWTC-2.1-confident,H,H1,GWOSC,16384.0,32.0,1246048389.0,https://www.gw-openscience.org/eventapi/json/GWTC-2.1-confident/GW190701_203306/v2/H-H1_GWOSC_16KHZ_R1-1246048389-32.hdf5
157,GW190701_203306,GWTC-2.1-confident,H,H1,GWOSC,16384.0,4096.0,1246046357.0,https://www.gw-openscience.org/eventapi/json/GWTC-2.1-confident/GW190701_203306/v2/H-H1_GWOSC_16KHZ_R1-1246046357-4096.hdf5
158,GW190701_203306,GWTC-2.1-confident,L,L1,GWOSC,16384.0,32.0,1246048389.0,https://www.gw-openscience.org/eventapi/json/GWTC-2.1-confident/GW190701_203306/v2/L-L1_GWOSC_16KHZ_R1-1246048389-32.hdf5
159,GW190701_203306,GWTC-2.1-confident,L,L1,GWOSC,16384.0,4096.0,1246046357.0,https://www.gw-openscience.org/eventapi/json/GWTC-2.1-confident/GW190701_203306/v2/L-L1_GWOSC_16KHZ_R1-1246046357-4096.hdf5
160,GW190701_203306,GWTC-2.1-confident,V,V1,GWOSC,16384.0,32.0,1246048389.0,https://www.gw-openscience.org/eventapi/json/GWTC-2.1-confident/GW190701_203306/v2/V-V1_GWOSC_16KHZ_R1-1246048389-32.hdf5
161,GW190701_203306,GWTC-2.1-confident,V,V1,GWOSC,16384.0,4096.0,1246046357.0,https://www.gw-openscience.org/eventapi/json/GWTC-2.1-confident/GW190701_203306/v2/V-V1_GWOSC_16KHZ_R1-1246046357-4096.hdf5
162,GW190706_222641,GWTC-2.1-confident,H,H1,GWOSC,16384.0,32.0,1246487204.0,https://www.gw-openscience.org/eventapi/json/GWTC-2.1-confident/GW190706_222641/v2/H-H1_GWOSC_16KHZ_R1-1246487204-32.hdf5
163,GW190706_222641,GWTC-2.1-confident,H,H1,GWOSC,16384.0,4096.0,1246485172.0,https://www.gw-openscience.org/eventapi/json/GWTC-2.1-confident/GW190706_222641/v2/H-H1_GWOSC_16KHZ_R1-1246485172-4096.hdf5
164,GW190706_222641,GWTC-2.1-confident,L,L1,GWOSC,16384.0,32.0,1246487204.0,https://www.gw-openscience.org/eventapi/json/GWTC-2.1-confident/GW190706_222641/v2/L-L1_GWOSC_16KHZ_R1-1246487204-32.hdf5
165,GW190706_222641,GWTC-2.1-confident,L,L1,GWOSC,16384.0,4096.0,1246485172.0,https://www.gw-openscience.org/eventapi/json/GWTC-2.1-confident/GW190706_222641/v2/L-L1_GWOSC_16KHZ_R1-1246485172-4096.hdf5
166,GW190706_222641,GWTC-2.1-confident,V,V1,GWOSC,16384.0,32.0,1246487204.0,https://www.gw-openscience.org/eventapi/json/GWTC-2.1-confident/GW190706_222641/v2/V-V1_GWOSC_16KHZ_R1-1246487204-32.hdf5
167,GW190706_222641,GWTC-2.1-confident,V,V1,GWOSC,16384.0,4096.0,1246485172.0,https://www.gw-openscience.org/eventapi/json/GWTC-2.1-confident/GW190706_222641/v2/V-V1_GWOSC_16KHZ_R1-1246485172-4096.hdf5
168,GW190707_093326,GWTC-2.1-confident,H,H1,GWOSC,16384.0,32.0,1246527209.0,https://www.gw-openscience.org/eventapi/json/GWTC-2.1-confident/GW190707_093326/v2/H-H1_GWOSC_16KHZ_R1-1246527209-32.hdf5
169,GW190707_093326,GWTC-2.1-confident,H,H1,GWOSC,16384.0,4096.0,1246525177.0,https://www.gw-openscience.org/eventapi/json/GWTC-2.1-confident/GW190707_093326/v2/H-H1_GWOSC_16KHZ_R1-1246525177-4096.hdf5
170,GW190707_093326,GWTC-2.1-confident,L,L1,GWOSC,16384.0,32.0,1246527209.0,https://www.gw-openscience.org/eventapi/json/GWTC-2.1-confident/GW190707_093326/v2/L-L1_GWOSC_16KHZ_R1-1246527209-32.hdf5
171,GW190707_093326,GWTC-2.1-confident,L,L1,GWOSC,16384.0,4096.0,1246525177.0,https://www.gw-openscience.org/eventapi/json/GWTC-2.1-confident/GW190707_093326/v2/L-L1_GWOSC_16KHZ_R1-1246525177-4096.hdf5
172,GW190708_232457,GWTC-2.1-confident,L,L1,GWOSC,16384.0,32.0,1246663500.0,https://www.gw-openscience.org/eventapi/json/GWTC-2.1-confident/GW190708_232457/v2/L-L1_GWOSC_16KHZ_R1-1246663500-32.hdf5
173,GW190708_232457,GWTC-2.1-confident,L,L1,GWOSC,16384.0,4096.0,1246661468.0,https://www.gw-openscience.org/eventapi/json/GWTC-2.1-confident/GW190708_232457/v2/L-L1_GWOSC_16KHZ_R1-1246661468-4096.hdf5
174,GW190708_232457,GWTC-2.1-confident,V,V1,GWOSC,16384.0,32.0,1246663500.0,https://www.gw-openscience.org/eventapi/json/GWTC-2.1-confident/GW190708_232457/v2/V-V1_GWOSC_16KHZ_R1-1246663500-32.hdf5
175,GW190708_232457,GWTC-2.1-confident,V,V1,GWOSC,16384.0,4096.0,1246661468.0,https://www.gw-openscience.org/eventapi/json/GWTC-2.1-confident/GW190708_232457/v2/V-V1_GWOSC_16KHZ_R1-1246661468-4096.hdf5
176,GW190719_215514,GWTC-2.1-confident,H,H1,GWOSC,16384.0,32.0,1247608517.0,https://www.gw-openscience.org/eventapi/json/GWTC-2.1-confident/GW190719_215514/v2/H-H1_GWOSC_16KHZ_R1-1247608517-32.hdf5
177,GW190719_215514,GWTC-2.1-confident,H,H1,GWOSC,16384.0,4096.0,1247606485.0,https://www.gw-openscience.org/eventapi/json/GWTC-2.1-confident/GW190719_215514/v2/H-H1_GWOSC_16KHZ_R1-1247606485-4096.hdf5
178,GW190719_215514,GWTC-2.1-confident,L,L1,GWOSC,16384.0,32.0,1247608517.0,https://www.gw-openscience.org/eventapi/json/GWTC-2.1-confident/GW190719_215514/v2/L-L1_GWOSC_16KHZ_R1-1247608517-32.hdf5
179,GW190719_215514,GWTC-2.1-confident,L,L1,GWOSC,16384.0,4096.0,1247606485.0,https://www.gw-openscience.org/eventapi/json/GWTC-2.1-confident/GW190719_215514/v2/L-L1_GWOSC_16KHZ_R1-1247606485-4096.hdf5
180,GW190720_000836,GWTC-2.1-confident,H,H1,GWOSC,16384.0,32.0,1247616519.0,https://www.gw-openscience.org/eventapi/json/GWTC-2.1-confident/GW190720_000836/v2/H-H1_GWOSC_16KHZ_R1-1247616519-32.hdf5
181,GW190720_000836,GWTC-2.1-confident,H,H1,GWOSC,16384.0,4096.0,1247614487.0,https://www.gw-openscience.org/eventapi/json/GWTC-2.1-confident/GW190720_000836/v2/H-H1_GWOSC_16KHZ_R1-1247614487-4096.hdf5
182,GW190720_000836,GWTC-2.1-confident,L,L1,GWOSC,16384.0,32.0,1247616519.0,https://www.gw-openscience.org/eventapi/json/GWTC-2.1-confident/GW190720_000836/v2/L-L1_GWOSC_16KHZ_R1-1247616519-32.hdf5
183,GW190720_000836,GWTC-2.1-confident,L,L1,GWOSC,16384.0,4096.0,1247614487.0,https://www.gw-openscience.org/eventapi/json/GWTC-2.1-confident/GW190720_000836/v2/L-L1_GWOSC_16KHZ_R1-1247614487-4096.hdf5
184,GW190720_000836,GWTC-2.1-confident,V,V1,GWOSC,16384.0,32.0,1247616519.0,https://www.gw-openscience.org/eventapi/json/GWTC-2.1-confident/GW190720_000836/v2/V-V1_GWOSC_16KHZ_R1-1247616519-32.hdf5
185,GW190720_000836,GWTC-2.1-confident,V,V1,GWOSC,16384.0,4096.0,1247614487.0,https://www.gw-openscience.org/eventapi/json/GWTC-2.1-confident/GW190720_000836/v2/V-V1_GWOSC_16KHZ_R1-1247614487-4096.hdf5
186,GW190725_174728,GWTC-2.1-confident,H,H1,GWOSC,16384.0,32.0,1248112051.0,https://www.gw-openscience.org/eventapi/json/GWTC-2.1-confident/GW190725_174728/v1/H-H1_GWOSC_16KHZ_R1-1248112051-32.hdf5
187,GW190725_174728,GWTC-2.1-confident,H,H1,GWOSC,16384.0,4096.0,1248110019.0,https://www.gw-openscience.org/eventapi/json/GWTC-2.1-confident/GW190725_174728/v1/H-H1_GWOSC_16KHZ_R1-1248110019-4096.hdf5
188,GW190725_174728,GWTC-2.1-confident,L,L1,GWOSC,16384.0,32.0,1248112051.0,https://www.gw-openscience.org/eventapi/json/GWTC-2.1-confident/GW190725_174728/v1/L-L1_GWOSC_16KHZ_R1-1248112051-32.hdf5
189,GW190725_174728,GWTC-2.1-confident,L,L1,GWOSC,16384.0,4096.0,1248110019.0,https://www.gw-openscience.org/eventapi/json/GWTC-2.1-confident/GW190725_174728/v1/L-L1_GWOSC_16KHZ_R1-1248110019-4096.hdf5
190,GW190725_174728,GWTC-2.1-confident,V,V1,GWOSC,16384.0,32.0,1248112051.0,https://www.gw-openscience.org/eventapi/json/GWTC-2.1-confident/GW190725_174728/v1/V-V1_GWOSC_16KHZ_R1-1248112051-32.hdf5
191,GW190725_174728,GWTC-2.1-confident,V,V1,GWOSC,16384.0,4096.0,1248110019.0,https://www.gw-openscience.org/eventapi/json/GWTC-2.1-confident/GW190725_174728/v1/V-V1_GWOSC_16KHZ_R1-1248110019-4096.hdf5
192,GW190727_060333,GWTC-2.1-confident,H,H1,GWOSC,16384.0,32.0,1248242616.0,https://www.gw-openscience.org/eventapi/json/GWTC-2.1-confident/GW190727_060333/v2/H-H1_GWOSC_16KHZ_R1-1248242616-32.hdf5
193,GW190727_060333,GWTC-2.1-confident,H,H1,GWOSC,16384.0,4096.0,1248240584.0,https://www.gw-openscience.org/eventapi/json/GWTC-2.1-confident/GW190727_060333/v2/H-H1_GWOSC_16KHZ_R1-1248240584-4096.hdf5
194,GW190727_060333,GWTC-2.1-confident,L,L1,GWOSC,16384.0,32.0,1248242616.0,https://www.gw-openscience.org/eventapi/json/GWTC-2.1-confident/GW190727_060333/v2/L-L1_GWOSC_16KHZ_R1-1248242616-32.hdf5
195,GW190727_060333,GWTC-2.1-confident,L,L1,GWOSC,16384.0,4096.0,1248240584.0,https://www.gw-openscience.org/eventapi/json/GWTC-2.1-confident/GW190727_060333/v2/L-L1_GWOSC_16KHZ_R1-1248240584-4096.hdf5
196,GW190727_060333,GWTC-2.1-confident,V,V1,GWOSC,16384.0,32.0,1248242616.0,https://www.gw-openscience.org/eventapi/json/GWTC-2.1-confident/GW190727_060333/v2/V-V1_GWOSC_16KHZ_R1-1248242616-32.hdf5
197,GW190727_060333,GWTC-2.1-confident,V,V1,GWOSC,16384.0,4096.0,1248240584.0,https://www.gw-openscience.org/eventapi/json/GWTC-2.1-confident/GW190727_060333/v2/V-V1_GWOSC_16KHZ_R1-1248240584-4096.hdf5
198,GW190728_064510,GWTC-2.1-confident,H,H1,GWOSC,16384.0,32.0,1248331513.0,https://www.gw-openscience.org/eventapi/json/GWTC-2.1-confident/GW190728_064510/v2/H-H1_GWOSC_16KHZ_R1-1248331513-32.hdf5
199,GW190728_064510,GWTC-2.1-confident,H,H1,GWOSC,16384.0,4096.0,1248329481.0,https://www.gw-openscience.org/eventapi/json/GWTC-2.1-confident/GW190728_064510/v2/H-H1_GWOSC_16KHZ_R1-1248329481-4096.hdf5
200,GW190728_064510,GWTC-2.1-confident,L,L1,GWOSC,16384.0,32.0,1248331513.0,https://www.gw-openscience.org/eventapi/json/GWTC-2.1-confident/GW190728_064510/v2/L-L1_GWOSC_16KHZ_R1-1248331513-32.hdf5
201,GW190728_064510,GWTC-2.1-confident,L,L1,GWOSC,16384.0,4096.0,1248329481.0,https://www.gw-openscience.org/eventapi/json/GWTC-2.1-confident/GW190728_064510/v2/L-L1_GWOSC_16KHZ_R1-1248329481-4096.hdf5
202,GW190728_064510,GWTC-2.1-confident,V,V1,GWOSC,16384.0,32.0,1248331513.0,https://www.gw-openscience.org/eventapi/json/GWTC-2.1-confident/GW190728_064510/v2/V-V1_GWOSC_16KHZ_R1-1248331513-32.hdf5
203,GW190728_064510,GWTC-2.1-confident,V,V1,GWOSC,16384.0,4096.0,1248329481.0,https://www.gw-openscience.org/eventapi/json/GWTC-2.1-confident/GW190728_064510/v2/V-V1_GWOSC_16KHZ_R1-1248329481-4096.hdf5
204,GW190731_140936,GWTC-2.1-confident,H,H1,GWOSC,16384.0,32.0,1248617379.0,https://www.gw-openscience.org/eventapi/json/GWTC-2.1-confident/GW190731_140936/v2/H-H1_GWOSC_16KHZ_R1-1248617379-32.hdf5
205,GW190731_140936,GWTC-2.1-confident,H,H1,GWOSC,16384.0,4096.0,1248615347.0,https://www.gw-openscience.org/eventapi/json/GWTC-2.1-confident/GW190731_140936/v2/H-H1_GWOSC_16KHZ_R1-1248615347-4096.hdf5
206,GW190731_140936,GWTC-2.1-confident,L,L1,GWOSC,16384.0,32.0,1248617379.0,https://www.gw-openscience.org/eventapi/json/GWTC-2.1-confident/GW190731_140936/v2/L-L1_GWOSC_16KHZ_R1-1248617379-32.hdf5
207,GW190731_140936,GWTC-2.1-confident,L,L1,GWOSC,16384.0,4096.0,1248615347.0,https://www.gw-openscience.org/eventapi/json/GWTC-2.1-confident/GW190731_140936/v2/L-L1_GWOSC_16KHZ_R1-1248615347-4096.hdf5
208,GW190803_022701,GWTC-2.1-confident,H,H1,GWOSC,16384.0,32.0,1248834424.0,https://www.gw-openscience.org/eventapi/json/GWTC-2.1-confident/GW190803_022701/v2/H-H1_GWOSC_16KHZ_R1-1248834424-32.hdf5
209,GW190803_022701,GWTC-2.1-confident,H,H1,GWOSC,16384.0,4096.0,1248832392.0,https://www.gw-openscience.org/eventapi/json/GWTC-2.1-confident/GW190803_022701/v2/H-H1_GWOSC_16KHZ_R1-1248832392-4096.hdf5
210,GW190803_022701,GWTC-2.1-confident,L,L1,GWOSC,16384.0,32.0,1248834424.0,https://www.gw-openscience.org/eventapi/json/GWTC-2.1-confident/GW190803_022701/v2/L-L1_GWOSC_16KHZ_R1-1248834424-32.hdf5
211,GW190803_022701,GWTC-2.1-confident,L,L1,GWOSC,16384.0,4096.0,1248832392.0,https://www.gw-openscience.org/eventapi/json/GWTC-2.1-confident/GW190803_022701/v2/L-L1_GWOSC_16KHZ_R1-1248832392-4096.hdf5
212,GW190803_022701,GWTC-2.1-confident,V,V1,GWOSC,16384.0,32.0,1248834424.0,https://www.gw-openscience.org/eventapi/json/GWTC-2.1-confident/GW190803_022701/v2/V-V1_GWOSC_16KHZ_R1-1248834424-32.hdf5
213,GW190803_022701,GWTC-2.1-confident,V,V1,GWOSC,16384.0,4096.0,1248832392.0,https://www.gw-openscience.org/eventapi/json/GWTC-2.1-confident/GW190803_022701/v2/V-V1_GWOSC_16KHZ_R1-1248832392-4096.hdf5
214,GW190805_211137,GWTC-2.1-confident,H,H1,GWOSC,16384.0,32.0,1249074700.0,https://www.gw-openscience.org/eventapi/json/GWTC-2.1-confident/GW190805_211137/v1/H-H1_GWOSC_16KHZ_R1-1249074700-32.hdf5
215,GW190805_211137,GWTC-2.1-confident,H,H1,GWOSC,16384.0,4096.0,1249072668.0,https://www.gw-openscience.org/eventapi/json/GWTC-2.1-confident/GW190805_211137/v1/H-H1_GWOSC_16KHZ_R1-1249072668-4096.hdf5
216,GW190805_211137,GWTC-2.1-confident,L,L1,GWOSC,16384.0,32.0,1249074700.0,https://www.gw-openscience.org/eventapi/json/GWTC-2.1-confident/GW190805_211137/v1/L-L1_GWOSC_16KHZ_R1-1249074700-32.hdf5
217,GW190805_211137,GWTC-2.1-confident,L,L1,GWOSC,16384.0,4096.0,1249072668.0,https://www.gw-openscience.org/eventapi/json/GWTC-2.1-confident/GW190805_211137/v1/L-L1_GWOSC_16KHZ_R1-1249072668-4096.hdf5
218,GW190814,GWTC-2.1-confident,H,H1,GWOSC,16384.0,32.0,1249852241.0,https://www.gw-openscience.org/eventapi/json/GWTC-2.1-confident/GW190814/v3/H-H1_GWOSC_16KHZ_R1-1249852241-32.hdf5
219,GW190814,GWTC-2.1-confident,H,H1,GWOSC,16384.0,4096.0,1249850209.0,https://www.gw-openscience.org/eventapi/json/GWTC-2.1-confident/GW190814/v3/H-H1_GWOSC_16KHZ_R1-1249850209-4096.hdf5
220,GW190814,GWTC-2.1-confident,L,L1,GWOSC,16384.0,32.0,1249852241.0,https://www.gw-openscience.org/eventapi/json/GWTC-2.1-confident/GW190814/v3/L-L1_GWOSC_16KHZ_R1-1249852241-32.hdf5
221,GW190814,GWTC-2.1-confident,L,L1,GWOSC,16384.0,4096.0,1249850209.0,https://www.gw-openscience.org/eventapi/json/GWTC-2.1-confident/GW190814/v3/L-L1_GWOSC_16KHZ_R1-1249850209-4096.hdf5
222,GW190814,GWTC-2.1-confident,V,V1,GWOSC,16384.0,32.0,1249852241.0,https://www.gw-openscience.org/eventapi/json/GWTC-2.1-confident/GW190814/v3/V-V1_GWOSC_16KHZ_R1-1249852241-32.hdf5
223,GW190814,GWTC-2.1-confident,V,V1,GWOSC,16384.0,4096.0,1249850209.0,https://www.gw-openscience.org/eventapi/json/GWTC-2.1-confident/GW190814/v3/V-V1_GWOSC_16KHZ_R1-1249850209-4096.hdf5
224,GW190828_063405,GWTC-2.1-confident,H,H1,GWOSC,16384.0,32.0,1251009248.0,https://www.gw-openscience.org/eventapi/json/GWTC-2.1-confident/GW190828_063405/v2/H-H1_GWOSC_16KHZ_R1-1251009248-32.hdf5
225,GW190828_063405,GWTC-2.1-confident,H,H1,GWOSC,16384.0,4096.0,1251007216.0,https://www.gw-openscience.org/eventapi/json/GWTC-2.1-confident/GW190828_063405/v2/H-H1_GWOSC_16KHZ_R1-1251007216-4096.hdf5
226,GW190828_063405,GWTC-2.1-confident,L,L1,GWOSC,16384.0,32.0,1251009248.0,https://www.gw-openscience.org/eventapi/json/GWTC-2.1-confident/GW190828_063405/v2/L-L1_GWOSC_16KHZ_R1-1251009248-32.hdf5
227,GW190828_063405,GWTC-2.1-confident,L,L1,GWOSC,16384.0,4096.0,1251007216.0,https://www.gw-openscience.org/eventapi/json/GWTC-2.1-confident/GW190828_063405/v2/L-L1_GWOSC_16KHZ_R1-1251007216-4096.hdf5
228,GW190828_063405,GWTC-2.1-confident,V,V1,GWOSC,16384.0,32.0,1251009248.0,https://www.gw-openscience.org/eventapi/json/GWTC-2.1-confident/GW190828_063405/v2/V-V1_GWOSC_16KHZ_R1-1251009248-32.hdf5
229,GW190828_063405,GWTC-2.1-confident,V,V1,GWOSC,16384.0,4096.0,1251007216.0,https://www.gw-openscience.org/eventapi/json/GWTC-2.1-confident/GW190828_063405/v2/V-V1_GWOSC_16KHZ_R1-1251007216-4096.hdf5
230,GW190828_065509,GWTC-2.1-confident,H,H1,GWOSC,16384.0,32.0,1251010512.0,https://www.gw-openscience.org/eventapi/json/GWTC-2.1-confident/GW190828_065509/v2/H-H1_GWOSC_16KHZ_R1-1251010512-32.hdf5
231,GW190828_065509,GWTC-2.1-confident,H,H1,GWOSC,16384.0,4096.0,1251008480.0,https://www.gw-openscience.org/eventapi/json/GWTC-2.1-confident/GW190828_065509/v2/H-H1_GWOSC_16KHZ_R1-1251008480-4096.hdf5
232,GW190828_065509,GWTC-2.1-confident,L,L1,GWOSC,16384.0,32.0,1251010512.0,https://www.gw-openscience.org/eventapi/json/GWTC-2.1-confident/GW190828_065509/v2/L-L1_GWOSC_16KHZ_R1-1251010512-32.hdf5
233,GW190828_065509,GWTC-2.1-confident,L,L1,GWOSC,16384.0,4096.0,1251008480.0,https://www.gw-openscience.org/eventapi/json/GWTC-2.1-confident/GW190828_065509/v2/L-L1_GWOSC_16KHZ_R1-1251008480-4096.hdf5
234,GW190828_065509,GWTC-2.1-confident,V,V1,GWOSC,16384.0,32.0,1251010512.0,https://www.gw-openscience.org/eventapi/json/GWTC-2.1-confident/GW190828_065509/v2/V-V1_GWOSC_16KHZ_R1-1251010512-32.hdf5
235,GW190828_065509,GWTC-2.1-confident,V,V1,GWOSC,16384.0,4096.0,1251008480.0,https://www.gw-openscience.org/eventapi/json/GWTC-2.1-confident/GW190828_065509/v2/V-V1_GWOSC_16KHZ_R1-1251008480-4096.hdf5
236,GW190910_112807,GWTC-2.1-confident,L,L1,GWOSC,16384.0,32.0,1252150090.0,https://www.gw-openscience.org/eventapi/json/GWTC-2.1-confident/GW190910_112807/v2/L-L1_GWOSC_16KHZ_R1-1252150090-32.hdf5
237,GW190910_112807,GWTC-2.1-confident,L,L1,GWOSC,16384.0,4096.0,1252148058.0,https://www.gw-openscience.org/eventapi/json/GWTC-2.1-confident/GW190910_112807/v2/L-L1_GWOSC_16KHZ_R1-1252148058-4096.hdf5
238,GW190910_112807,GWTC-2.1-confident,V,V1,GWOSC,16384.0,32.0,1252150090.0,https://www.gw-openscience.org/eventapi/json/GWTC-2.1-confident/GW190910_112807/v2/V-V1_GWOSC_16KHZ_R1-1252150090-32.hdf5
239,GW190910_112807,GWTC-2.1-confident,V,V1,GWOSC,16384.0,4096.0,1252148058.0,https://www.gw-openscience.org/eventapi/json/GWTC-2.1-confident/GW190910_112807/v2/V-V1_GWOSC_16KHZ_R1-1252148058-4096.hdf5
240,GW190915_235702,GWTC-2.1-confident,H,H1,GWOSC,16384.0,32.0,1252627025.0,https://www.gw-openscience.org/eventapi/json/GWTC-2.1-confident/GW190915_235702/v2/H-H1_GWOSC_16KHZ_R1-1252627025-32.hdf5
241,GW190915_235702,GWTC-2.1-confident,H,H1,GWOSC,16384.0,4096.0,1252624993.0,https://www.gw-openscience.org/eventapi/json/GWTC-2.1-confident/GW190915_235702/v2/H-H1_GWOSC_16KHZ_R1-1252624993-4096.hdf5
242,GW190915_235702,GWTC-2.1-confident,L,L1,GWOSC,16384.0,32.0,1252627025.0,https://www.gw-openscience.org/eventapi/json/GWTC-2.1-confident/GW190915_235702/v2/L-L1_GWOSC_16KHZ_R1-1252627025-32.hdf5
243,GW190915_235702,GWTC-2.1-confident,L,L1,GWOSC,16384.0,4096.0,1252624993.0,https://www.gw-openscience.org/eventapi/json/GWTC-2.1-confident/GW190915_235702/v2/L-L1_GWOSC_16KHZ_R1-1252624993-4096.hdf5
244,GW190915_235702,GWTC-2.1-confident,V,V1,GWOSC,16384.0,32.0,1252627025.0,https://www.gw-openscience.org/eventapi/json/GWTC-2.1-confident/GW190915_235702/v2/V-V1_GWOSC_16KHZ_R1-1252627025-32.hdf5
245,GW190915_235702,GWTC-2.1-confident,V,V1,GWOSC,16384.0,4096.0,1252624993.0,https://www.gw-openscience.org/eventapi/json/GWTC-2.1-confident/GW190915_235702/v2/V-V1_GWOSC_16KHZ_R1-1252624993-4096.hdf5
246,GW190916_200658,GWTC-2.1-confident,H,H1,GWOSC,16384.0,32.0,1252699621.0,https://www.gw-openscience.org/eventapi/json/GWTC-2.1-confident/GW190916_200658/v1/H-H1_GWOSC_16KHZ_R1-1252699621-32.hdf5
247,GW190916_200658,GWTC-2.1-confident,H,H1,GWOSC,16384.0,4096.0,1252697589.0,https://www.gw-openscience.org/eventapi/json/GWTC-2.1-confident/GW190916_200658/v1/H-H1_GWOSC_16KHZ_R1-1252697589-4096.hdf5
248,GW190916_200658,GWTC-2.1-confident,L,L1,GWOSC,16384.0,32.0,1252699621.0,https://www.gw-openscience.org/eventapi/json/GWTC-2.1-confident/GW190916_200658/v1/L-L1_GWOSC_16KHZ_R1-1252699621-32.hdf5
249,GW190916_200658,GWTC-2.1-confident,L,L1,GWOSC,16384.0,4096.0,1252697589.0,https://www.gw-openscience.org/eventapi/json/GWTC-2.1-confident/GW190916_200658/v1/L-L1_GWOSC_16KHZ_R1-1252697589-4096.hdf5
250,GW190916_200658,GWTC-2.1-confident,V,V1,GWOSC,16384.0,32.0,1252699621.0,https://www.gw-openscience.org/eventapi/json/GWTC-2.1-confident/GW190916_200658/v1/V-V1_GWOSC_16KHZ_R1-1252699621-32.hdf5
251,GW190916_200658,GWTC-2.1-confident,V,V1,GWOSC,16384.0,4096.0,1252697589.0,https://www.gw-openscience.org/eventapi/json/GWTC-2.1-confident/GW190916_200658/v1/V-V1_GWOSC_16KHZ_R1-1252697589-4096.hdf5
252,GW190917_114630,GWTC-2.1-confident,H,H1,GWOSC,16384.0,32.0,1252755992.0,https://www.gw-openscience.org/eventapi/json/GWTC-2.1-confident/GW190917_114630/v1/H-H1_GWOSC_16KHZ_R1-1252755992-32.hdf5
253,GW190917_114630,GWTC-2.1-confident,H,H1,GWOSC,16384.0,4096.0,1252753960.0,https://www.gw-openscience.org/eventapi/json/GWTC-2.1-confident/GW190917_114630/v1/H-H1_GWOSC_16KHZ_R1-1252753960-4096.hdf5
254,GW190917_114630,GWTC-2.1-confident,L,L1,GWOSC,16384.0,32.0,1252755992.0,https://www.gw-openscience.org/eventapi/json/GWTC-2.1-confident/GW190917_114630/v1/L-L1_GWOSC_16KHZ_R1-1252755992-32.hdf5
255,GW190917_114630,GWTC-2.1-confident,L,L1,GWOSC,16384.0,4096.0,1252753960.0,https://www.gw-openscience.org/eventapi/json/GWTC-2.1-confident/GW190917_114630/v1/L-L1_GWOSC_16KHZ_R1-1252753960-4096.hdf5
256,GW190917_114630,GWTC-2.1-confident,V,V1,GWOSC,16384.0,32.0,1252755992.0,https://www.gw-openscience.org/eventapi/json/GWTC-2.1-confident/GW190917_114630/v1/V-V1_GWOSC_16KHZ_R1-1252755992-32.hdf5
257,GW190917_114630,GWTC-2.1-confident,V,V1,GWOSC,16384.0,4096.0,1252753960.0,https://www.gw-openscience.org/eventapi/json/GWTC-2.1-confident/GW190917_114630/v1/V-V1_GWOSC_16KHZ_R1-1252753960-4096.hdf5
258,GW190924_021846,GWTC-2.1-confident,H,H1,GWOSC,16384.0,32.0,1253326729.0,https://www.gw-openscience.org/eventapi/json/GWTC-2.1-confident/GW190924_021846/v2/H-H1_GWOSC_16KHZ_R1-1253326729-32.hdf5
259,GW190924_021846,GWTC-2.1-confident,H,H1,GWOSC,16384.0,4096.0,1253324697.0,https://www.gw-openscience.org/eventapi/json/GWTC-2.1-confident/GW190924_021846/v2/H-H1_GWOSC_16KHZ_R1-1253324697-4096.hdf5
260,GW190924_021846,GWTC-2.1-confident,L,L1,GWOSC,16384.0,32.0,1253326729.0,https://www.gw-openscience.org/eventapi/json/GWTC-2.1-confident/GW190924_021846/v2/L-L1_GWOSC_16KHZ_R1-1253326729-32.hdf5
261,GW190924_021846,GWTC-2.1-confident,L,L1,GWOSC,16384.0,4096.0,1253324697.0,https://www.gw-openscience.org/eventapi/json/GWTC-2.1-confident/GW190924_021846/v2/L-L1_GWOSC_16KHZ_R1-1253324697-4096.hdf5
262,GW190924_021846,GWTC-2.1-confident,V,V1,GWOSC,16384.0,32.0,1253326729.0,https://www.gw-openscience.org/eventapi/json/GWTC-2.1-confident/GW190924_021846/v2/V-V1_GWOSC_16KHZ_R1-1253326729-32.hdf5
263,GW190924_021846,GWTC-2.1-confident,V,V1,GWOSC,16384.0,4096.0,1253324697.0,https://www.gw-openscience.org/eventapi/json/GWTC-2.1-confident/GW190924_021846/v2/V-V1_GWOSC_16KHZ_R1-1253324697-4096.hdf5
264,GW190925_232845,GWTC-2.1-confident,H,H1,GWOSC,16384.0,32.0,1253489328.0,https://www.gw-openscience.org/eventapi/json/GWTC-2.1-confident/GW190925_232845/v1/H-H1_GWOSC_16KHZ_R1-1253489328-32.hdf5
265,GW190925_232845,GWTC-2.1-confident,H,H1,GWOSC,16384.0,4096.0,1253487296.0,https://www.gw-openscience.org/eventapi/json/GWTC-2.1-confident/GW190925_232845/v1/H-H1_GWOSC_16KHZ_R1-1253487296-4096.hdf5
266,GW190925_232845,GWTC-2.1-confident,V,V1,GWOSC,16384.0,32.0,1253489328.0,https://www.gw-openscience.org/eventapi/json/GWTC-2.1-confident/GW190925_232845/v1/V-V1_GWOSC_16KHZ_R1-1253489328-32.hdf5
267,GW190925_232845,GWTC-2.1-confident,V,V1,GWOSC,16384.0,4096.0,1253487296.0,https://www.gw-openscience.org/eventapi/json/GWTC-2.1-confident/GW190925_232845/v1/V-V1_GWOSC_16KHZ_R1-1253487296-4096.hdf5
268,GW190926_050336,GWTC-2.1-confident,H,H1,GWOSC,16384.0,32.0,1253509418.0,https://www.gw-openscience.org/eventapi/json/GWTC-2.1-confident/GW190926_050336/v1/H-H1_GWOSC_16KHZ_R1-1253509418-32.hdf5
269,GW190926_050336,GWTC-2.1-confident,H,H1,GWOSC,16384.0,4096.0,1253507386.0,https://www.gw-openscience.org/eventapi/json/GWTC-2.1-confident/GW190926_050336/v1/H-H1_GWOSC_16KHZ_R1-1253507386-4096.hdf5
270,GW190926_050336,GWTC-2.1-confident,L,L1,GWOSC,16384.0,32.0,1253509418.0,https://www.gw-openscience.org/eventapi/json/GWTC-2.1-confident/GW190926_050336/v1/L-L1_GWOSC_16KHZ_R1-1253509418-32.hdf5
271,GW190926_050336,GWTC-2.1-confident,L,L1,GWOSC,16384.0,4096.0,1253507386.0,https://www.gw-openscience.org/eventapi/json/GWTC-2.1-confident/GW190926_050336/v1/L-L1_GWOSC_16KHZ_R1-1253507386-4096.hdf5
272,GW190926_050336,GWTC-2.1-confident,V,V1,GWOSC,16384.0,32.0,1253509418.0,https://www.gw-openscience.org/eventapi/json/GWTC-2.1-confident/GW190926_050336/v1/V-V1_GWOSC_16KHZ_R1-1253509418-32.hdf5
273,GW190926_050336,GWTC-2.1-confident,V,V1,GWOSC,16384.0,4096.0,1253507386.0,https://www.gw-openscience.org/eventapi/json/GWTC-2.1-confident/GW190926_050336/v1/V-V1_GWOSC_16KHZ_R1-1253507386-4096.hdf5
274,GW190929_012149,GWTC-2.1-confident,H,H1,GWOSC,16384.0,32.0,1253755312.0,https://www.gw-openscience.org/eventapi/json/GWTC-2.1-confident/GW190929_012149/v2/H-H1_GWOSC_16KHZ_R1-1253755312-32.hdf5
275,GW190929_012149,GWTC-2.1-confident,H,H1,GWOSC,16384.0,4096.0,1253753280.0,https://www.gw-openscience.org/eventapi/json/GWTC-2.1-confident/GW190929_012149/v2/H-H1_GWOSC_16KHZ_R1-1253753280-4096.hdf5
276,GW190929_012149,GWTC-2.1-confident,L,L1,GWOSC,16384.0,32.0,1253755312.0,https://www.gw-openscience.org/eventapi/json/GWTC-2.1-confident/GW190929_012149/v2/L-L1_GWOSC_16KHZ_R1-1253755312-32.hdf5
277,GW190929_012149,GWTC-2.1-confident,L,L1,GWOSC,16384.0,4096.0,1253753280.0,https://www.gw-openscience.org/eventapi/json/GWTC-2.1-confident/GW190929_012149/v2/L-L1_GWOSC_16KHZ_R1-1253753280-4096.hdf5
278,GW190929_012149,GWTC-2.1-confident,V,V1,GWOSC,16384.0,32.0,1253755312.0,https://www.gw-openscience.org/eventapi/json/GWTC-2.1-confident/GW190929_012149/v2/V-V1_GWOSC_16KHZ_R1-1253755312-32.hdf5
279,GW190929_012149,GWTC-2.1-confident,V,V1,GWOSC,16384.0,4096.0,1253753280.0,https://www.gw-openscience.org/eventapi/json/GWTC-2.1-confident/GW190929_012149/v2/V-V1_GWOSC_16KHZ_R1-1253753280-4096.hdf5
280,GW190930_133541,GWTC-2.1-confident,H,H1,GWOSC,16384.0,32.0,1253885744.0,https://www.gw-openscience.org/eventapi/json/GWTC-2.1-confident/GW190930_133541/v2/H-H1_GWOSC_16KHZ_R1-1253885744-32.hdf5
281,GW190930_133541,GWTC-2.1-confident,H,H1,GWOSC,16384.0,4096.0,1253883712.0,https://www.gw-openscience.org/eventapi/json/GWTC-2.1-confident/GW190930_133541/v2/H-H1_GWOSC_16KHZ_R1-1253883712-4096.hdf5
282,GW190930_133541,GWTC-2.1-confident,L,L1,GWOSC,16384.0,32.0,1253885744.0,https://www.gw-openscience.org/eventapi/json/GWTC-2.1-confident/GW190930_133541/v2/L-L1_GWOSC_16KHZ_R1-1253885744-32.hdf5
283,GW190930_133541,GWTC-2.1-confident,L,L1,GWOSC,16384.0,4096.0,1253883712.0,https://www.gw-openscience.org/eventapi/json/GWTC-2.1-confident/GW190930_133541/v2/L-L1_GWOSC_16KHZ_R1-1253883712-4096.hdf5
284,GW191103_012549,GWTC-3-confident,H,H1,GWOSC,16384.0,32.0,1256779552.0,https://www.gw-openscience.org/eventapi/json/GWTC-3-confident/GW191103_012549/v1/H-H1_GWOSC_16KHZ_R1-1256779552-32.hdf5
285,GW191103_012549,GWTC-3-confident,H,H1,GWOSC,16384.0,4096.0,1256777520.0,https://www.gw-openscience.org/eventapi/json/GWTC-3-confident/GW191103_012549/v1/H-H1_GWOSC_16KHZ_R1-1256777520-4096.hdf5
286,GW191103_012549,GWTC-3-confident,L,L1,GWOSC,16384.0,32.0,1256779552.0,https://www.gw-openscience.org/eventapi/json/GWTC-3-confident/GW191103_012549/v1/L-L1_GWOSC_16KHZ_R1-1256779552-32.hdf5
287,GW191103_012549,GWTC-3-confident,L,L1,GWOSC,16384.0,4096.0,1256777520.0,https://www.gw-openscience.org/eventapi/json/GWTC-3-confident/GW191103_012549/v1/L-L1_GWOSC_16KHZ_R1-1256777520-4096.hdf5
288,GW191105_143521,GWTC-3-confident,H,H1,GWOSC,16384.0,32.0,1256999724.0,https://www.gw-openscience.org/eventapi/json/GWTC-3-confident/GW191105_143521/v1/H-H1_GWOSC_16KHZ_R1-1256999724-32.hdf5
289,GW191105_143521,GWTC-3-confident,H,H1,GWOSC,16384.0,4096.0,1256997692.0,https://www.gw-openscience.org/eventapi/json/GWTC-3-confident/GW191105_143521/v1/H-H1_GWOSC_16KHZ_R1-1256997692-4096.hdf5
290,GW191105_143521,GWTC-3-confident,L,L1,GWOSC,16384.0,32.0,1256999724.0,https://www.gw-openscience.org/eventapi/json/GWTC-3-confident/GW191105_143521/v1/L-L1_GWOSC_16KHZ_R1-1256999724-32.hdf5
291,GW191105_143521,GWTC-3-confident,L,L1,GWOSC,16384.0,4096.0,1256997692.0,https://www.gw-openscience.org/eventapi/json/GWTC-3-confident/GW191105_143521/v1/L-L1_GWOSC_16KHZ_R1-1256997692-4096.hdf5
292,GW191105_143521,GWTC-3-confident,V,V1,GWOSC,16384.0,32.0,1256999724.0,https://www.gw-openscience.org/eventapi/json/GWTC-3-confident/GW191105_143521/v1/V-V1_GWOSC_16KHZ_R1-1256999724-32.hdf5
293,GW191105_143521,GWTC-3-confident,V,V1,GWOSC,16384.0,4096.0,1256997692.0,https://www.gw-openscience.org/eventapi/json/GWTC-3-confident/GW191105_143521/v1/V-V1_GWOSC_16KHZ_R1-1256997692-4096.hdf5
294,GW191109_010717,GWTC-3-confident,H,H1,GWOSC,16384.0,32.0,1257296840.0,https://www.gw-openscience.org/eventapi/json/GWTC-3-confident/GW191109_010717/v1/H-H1_GWOSC_16KHZ_R1-1257296840-32.hdf5
295,GW191109_010717,GWTC-3-confident,H,H1,GWOSC,16384.0,4096.0,1257294808.0,https://www.gw-openscience.org/eventapi/json/GWTC-3-confident/GW191109_010717/v1/H-H1_GWOSC_16KHZ_R1-1257294808-4096.hdf5
296,GW191109_010717,GWTC-3-confident,L,L1,GWOSC,16384.0,32.0,1257296840.0,https://www.gw-openscience.org/eventapi/json/GWTC-3-confident/GW191109_010717/v1/L-L1_GWOSC_16KHZ_R1-1257296840-32.hdf5
297,GW191109_010717,GWTC-3-confident,L,L1,GWOSC,16384.0,4096.0,1257294808.0,https://www.gw-openscience.org/eventapi/json/GWTC-3-confident/GW191109_010717/v1/L-L1_GWOSC_16KHZ_R1-1257294808-4096.hdf5
298,GW191113_071753,GWTC-3-confident,H,H1,GWOSC,16384.0,32.0,1257664676.0,https://www.gw-openscience.org/eventapi/json/GWTC-3-confident/GW191113_071753/v1/H-H1_GWOSC_16KHZ_R1-1257664676-32.hdf5
299,GW191113_071753,GWTC-3-confident,H,H1,GWOSC,16384.0,4096.0,1257662644.0,https://www.gw-openscience.org/eventapi/json/GWTC-3-confident/GW191113_071753/v1/H-H1_GWOSC_16KHZ_R1-1257662644-4096.hdf5
300,GW191113_071753,GWTC-3-confident,L,L1,GWOSC,16384.0,32.0,1257664676.0,https://www.gw-openscience.org/eventapi/json/GWTC-3-confident/GW191113_071753/v1/L-L1_GWOSC_16KHZ_R1-1257664676-32.hdf5
301,GW191113_071753,GWTC-3-confident,L,L1,GWOSC,16384.0,4096.0,1257662644.0,https://www.gw-openscience.org/eventapi/json/GWTC-3-confident/GW191113_071753/v1/L-L1_GWOSC_16KHZ_R1-1257662644-4096.hdf5
302,GW191113_071753,GWTC-3-confident,V,V1,GWOSC,16384.0,32.0,1257664676.0,https://www.gw-openscience.org/eventapi/json/GWTC-3-confident/GW191113_071753/v1/V-V1_GWOSC_16KHZ_R1-1257664676-32.hdf5
303,GW191113_071753,GWTC-3-confident,V,V1,GWOSC,16384.0,4096.0,1257662644.0,https://www.gw-openscience.org/eventapi/json/GWTC-3-confident/GW191113_071753/v1/V-V1_GWOSC_16KHZ_R1-1257662644-4096.hdf5
304,GW191126_115259,GWTC-3-confident,H,H1,GWOSC,16384.0,32.0,1258804382.0,https://www.gw-openscience.org/eventapi/json/GWTC-3-confident/GW191126_115259/v1/H-H1_GWOSC_16KHZ_R1-1258804382-32.hdf5
305,GW191126_115259,GWTC-3-confident,H,H1,GWOSC,16384.0,4096.0,1258802350.0,https://www.gw-openscience.org/eventapi/json/GWTC-3-confident/GW191126_115259/v1/H-H1_GWOSC_16KHZ_R1-1258802350-4096.hdf5
306,GW191126_115259,GWTC-3-confident,L,L1,GWOSC,16384.0,32.0,1258804382.0,https://www.gw-openscience.org/eventapi/json/GWTC-3-confident/GW191126_115259/v1/L-L1_GWOSC_16KHZ_R1-1258804382-32.hdf5
307,GW191126_115259,GWTC-3-confident,L,L1,GWOSC,16384.0,4096.0,1258802350.0,https://www.gw-openscience.org/eventapi/json/GWTC-3-confident/GW191126_115259/v1/L-L1_GWOSC_16KHZ_R1-1258802350-4096.hdf5
308,GW191127_050227,GWTC-3-confident,H,H1,GWOSC,16384.0,32.0,1258866150.0,https://www.gw-openscience.org/eventapi/json/GWTC-3-confident/GW191127_050227/v1/H-H1_GWOSC_16KHZ_R1-1258866150-32.hdf5
309,GW191127_050227,GWTC-3-confident,H,H1,GWOSC,16384.0,4096.0,1258864118.0,https://www.gw-openscience.org/eventapi/json/GWTC-3-confident/GW191127_050227/v1/H-H1_GWOSC_16KHZ_R1-1258864118-4096.hdf5
310,GW191127_050227,GWTC-3-confident,L,L1,GWOSC,16384.0,32.0,1258866150.0,https://www.gw-openscience.org/eventapi/json/GWTC-3-confident/GW191127_050227/v1/L-L1_GWOSC_16KHZ_R1-1258866150-32.hdf5
311,GW191127_050227,GWTC-3-confident,L,L1,GWOSC,16384.0,4096.0,1258864118.0,https://www.gw-openscience.org/eventapi/json/GWTC-3-confident/GW191127_050227/v1/L-L1_GWOSC_16KHZ_R1-1258864118-4096.hdf5
312,GW191127_050227,GWTC-3-confident,V,V1,GWOSC,16384.0,32.0,1258866150.0,https://www.gw-openscience.org/eventapi/json/GWTC-3-confident/GW191127_050227/v1/V-V1_GWOSC_16KHZ_R1-1258866150-32.hdf5
313,GW191127_050227,GWTC-3-confident,V,V1,GWOSC,16384.0,4096.0,1258864118.0,https://www.gw-openscience.org/eventapi/json/GWTC-3-confident/GW191127_050227/v1/V-V1_GWOSC_16KHZ_R1-1258864118-4096.hdf5
314,GW191129_134029,GWTC-3-confident,H,H1,GWOSC,16384.0,32.0,1259070032.0,https://www.gw-openscience.org/eventapi/json/GWTC-3-confident/GW191129_134029/v1/H-H1_GWOSC_16KHZ_R1-1259070032-32.hdf5
315,GW191129_134029,GWTC-3-confident,H,H1,GWOSC,16384.0,4096.0,1259068000.0,https://www.gw-openscience.org/eventapi/json/GWTC-3-confident/GW191129_134029/v1/H-H1_GWOSC_16KHZ_R1-1259068000-4096.hdf5
316,GW191129_134029,GWTC-3-confident,L,L1,GWOSC,16384.0,32.0,1259070032.0,https://www.gw-openscience.org/eventapi/json/GWTC-3-confident/GW191129_134029/v1/L-L1_GWOSC_16KHZ_R1-1259070032-32.hdf5
317,GW191129_134029,GWTC-3-confident,L,L1,GWOSC,16384.0,4096.0,1259068000.0,https://www.gw-openscience.org/eventapi/json/GWTC-3-confident/GW191129_134029/v1/L-L1_GWOSC_16KHZ_R1-1259068000-4096.hdf5
318,GW191204_110529,GWTC-3-confident,H,H1,GWOSC,16384.0,32.0,1259492732.0,https://www.gw-openscience.org/eventapi/json/GWTC-3-confident/GW191204_110529/v1/H-H1_GWOSC_16KHZ_R1-1259492732-32.hdf5
319,GW191204_110529,GWTC-3-confident,H,H1,GWOSC,16384.0,4096.0,1259490700.0,https://www.gw-openscience.org/eventapi/json/GWTC-3-confident/GW191204_110529/v1/H-H1_GWOSC_16KHZ_R1-1259490700-4096.hdf5
320,GW191204_110529,GWTC-3-confident,L,L1,GWOSC,16384.0,32.0,1259492732.0,https://www.gw-openscience.org/eventapi/json/GWTC-3-confident/GW191204_110529/v1/L-L1_GWOSC_16KHZ_R1-1259492732-32.hdf5
321,GW191204_110529,GWTC-3-confident,L,L1,GWOSC,16384.0,4096.0,1259490700.0,https://www.gw-openscience.org/eventapi/json/GWTC-3-confident/GW191204_110529/v1/L-L1_GWOSC_16KHZ_R1-1259490700-4096.hdf5
322,GW191204_171526,GWTC-3-confident,H,H1,GWOSC,16384.0,32.0,1259514928.0,https://www.gw-openscience.org/eventapi/json/GWTC-3-confident/GW191204_171526/v1/H-H1_GWOSC_16KHZ_R1-1259514928-32.hdf5
323,GW191204_171526,GWTC-3-confident,H,H1,GWOSC,16384.0,4096.0,1259512896.0,https://www.gw-openscience.org/eventapi/json/GWTC-3-confident/GW191204_171526/v1/H-H1_GWOSC_16KHZ_R1-1259512896-4096.hdf5
324,GW191204_171526,GWTC-3-confident,L,L1,GWOSC,16384.0,32.0,1259514928.0,https://www.gw-openscience.org/eventapi/json/GWTC-3-confident/GW191204_171526/v1/L-L1_GWOSC_16KHZ_R1-1259514928-32.hdf5
325,GW191204_171526,GWTC-3-confident,L,L1,GWOSC,16384.0,4096.0,1259512896.0,https://www.gw-openscience.org/eventapi/json/GWTC-3-confident/GW191204_171526/v1/L-L1_GWOSC_16KHZ_R1-1259512896-4096.hdf5
326,GW191215_223052,GWTC-3-confident,H,H1,GWOSC,16384.0,32.0,1260484255.0,https://www.gw-openscience.org/eventapi/json/GWTC-3-confident/GW191215_223052/v1/H-H1_GWOSC_16KHZ_R1-1260484255-32.hdf5
327,GW191215_223052,GWTC-3-confident,H,H1,GWOSC,16384.0,4096.0,1260482223.0,https://www.gw-openscience.org/eventapi/json/GWTC-3-confident/GW191215_223052/v1/H-H1_GWOSC_16KHZ_R1-1260482223-4096.hdf5
328,GW191215_223052,GWTC-3-confident,L,L1,GWOSC,16384.0,32.0,1260484255.0,https://www.gw-openscience.org/eventapi/json/GWTC-3-confident/GW191215_223052/v1/L-L1_GWOSC_16KHZ_R1-1260484255-32.hdf5
329,GW191215_223052,GWTC-3-confident,L,L1,GWOSC,16384.0,4096.0,1260482223.0,https://www.gw-openscience.org/eventapi/json/GWTC-3-confident/GW191215_223052/v1/L-L1_GWOSC_16KHZ_R1-1260482223-4096.hdf5
330,GW191215_223052,GWTC-3-confident,V,V1,GWOSC,16384.0,32.0,1260484255.0,https://www.gw-openscience.org/eventapi/json/GWTC-3-confident/GW191215_223052/v1/V-V1_GWOSC_16KHZ_R1-1260484255-32.hdf5
331,GW191215_223052,GWTC-3-confident,V,V1,GWOSC,16384.0,4096.0,1260482223.0,https://www.gw-openscience.org/eventapi/json/GWTC-3-confident/GW191215_223052/v1/V-V1_GWOSC_16KHZ_R1-1260482223-4096.hdf5
332,GW191216_213338,GWTC-3-confident,H,H1,GWOSC,16384.0,32.0,1260567221.0,https://www.gw-openscience.org/eventapi/json/GWTC-3-confident/GW191216_213338/v1/H-H1_GWOSC_16KHZ_R1-1260567221-32.hdf5
333,GW191216_213338,GWTC-3-confident,H,H1,GWOSC,16384.0,4096.0,1260565189.0,https://www.gw-openscience.org/eventapi/json/GWTC-3-confident/GW191216_213338/v1/H-H1_GWOSC_16KHZ_R1-1260565189-4096.hdf5
334,GW191216_213338,GWTC-3-confident,V,V1,GWOSC,16384.0,32.0,1260567221.0,https://www.gw-openscience.org/eventapi/json/GWTC-3-confident/GW191216_213338/v1/V-V1_GWOSC_16KHZ_R1-1260567221-32.hdf5
335,GW191216_213338,GWTC-3-confident,V,V1,GWOSC,16384.0,4096.0,1260565189.0,https://www.gw-openscience.org/eventapi/json/GWTC-3-confident/GW191216_213338/v1/V-V1_GWOSC_16KHZ_R1-1260565189-4096.hdf5
336,GW191219_163120,GWTC-3-confident,H,H1,GWOSC,16384.0,32.0,1260808283.0,https://www.gw-openscience.org/eventapi/json/GWTC-3-confident/GW191219_163120/v1/H-H1_GWOSC_16KHZ_R1-1260808283-32.hdf5
337,GW191219_163120,GWTC-3-confident,H,H1,GWOSC,16384.0,4096.0,1260806251.0,https://www.gw-openscience.org/eventapi/json/GWTC-3-confident/GW191219_163120/v1/H-H1_GWOSC_16KHZ_R1-1260806251-4096.hdf5
338,GW191219_163120,GWTC-3-confident,L,L1,GWOSC,16384.0,32.0,1260808283.0,https://www.gw-openscience.org/eventapi/json/GWTC-3-confident/GW191219_163120/v1/L-L1_GWOSC_16KHZ_R1-1260808283-32.hdf5
339,GW191219_163120,GWTC-3-confident,L,L1,GWOSC,16384.0,4096.0,1260806251.0,https://www.gw-openscience.org/eventapi/json/GWTC-3-confident/GW191219_163120/v1/L-L1_GWOSC_16KHZ_R1-1260806251-4096.hdf5
340,GW191219_163120,GWTC-3-confident,V,V1,GWOSC,16384.0,32.0,1260808283.0,https://www.gw-openscience.org/eventapi/json/GWTC-3-confident/GW191219_163120/v1/V-V1_GWOSC_16KHZ_R1-1260808283-32.hdf5
341,GW191219_163120,GWTC-3-confident,V,V1,GWOSC,16384.0,4096.0,1260806251.0,https://www.gw-openscience.org/eventapi/json/GWTC-3-confident/GW191219_163120/v1/V-V1_GWOSC_16KHZ_R1-1260806251-4096.hdf5
342,GW191222_033537,GWTC-3-confident,H,H1,GWOSC,16384.0,32.0,1261020940.0,https://www.gw-openscience.org/eventapi/json/GWTC-3-confident/GW191222_033537/v1/H-H1_GWOSC_16KHZ_R1-1261020940-32.hdf5
343,GW191222_033537,GWTC-3-confident,H,H1,GWOSC,16384.0,4096.0,1261018908.0,https://www.gw-openscience.org/eventapi/json/GWTC-3-confident/GW191222_033537/v1/H-H1_GWOSC_16KHZ_R1-1261018908-4096.hdf5
344,GW191222_033537,GWTC-3-confident,L,L1,GWOSC,16384.0,32.0,1261020940.0,https://www.gw-openscience.org/eventapi/json/GWTC-3-confident/GW191222_033537/v1/L-L1_GWOSC_16KHZ_R1-1261020940-32.hdf5
345,GW191222_033537,GWTC-3-confident,L,L1,GWOSC,16384.0,4096.0,1261018908.0,https://www.gw-openscience.org/eventapi/json/GWTC-3-confident/GW191222_033537/v1/L-L1_GWOSC_16KHZ_R1-1261018908-4096.hdf5
346,GW191230_180458,GWTC-3-confident,H,H1,GWOSC,16384.0,32.0,1261764301.0,https://www.gw-openscience.org/eventapi/json/GWTC-3-confident/GW191230_180458/v1/H-H1_GWOSC_16KHZ_R1-1261764301-32.hdf5
347,GW191230_180458,GWTC-3-confident,H,H1,GWOSC,16384.0,4096.0,1261762269.0,https://www.gw-openscience.org/eventapi/json/GWTC-3-confident/GW191230_180458/v1/H-H1_GWOSC_16KHZ_R1-1261762269-4096.hdf5
348,GW191230_180458,GWTC-3-confident,L,L1,GWOSC,16384.0,32.0,1261764301.0,https://www.gw-openscience.org/eventapi/json/GWTC-3-confident/GW191230_180458/v1/L-L1_GWOSC_16KHZ_R1-1261764301-32.hdf5
349,GW191230_180458,GWTC-3-confident,L,L1,GWOSC,16384.0,4096.0,1261762269.0,https://www.gw-openscience.org/eventapi/json/GWTC-3-confident/GW191230_180458/v1/L-L1_GWOSC_16KHZ_R1-1261762269-4096.hdf5
350,GW191230_180458,GWTC-3-confident,V,V1,GWOSC,16384.0,32.0,1261764301.0,https://www.gw-openscience.org/eventapi/json/GWTC-3-confident/GW191230_180458/v1/V-V1_GWOSC_16KHZ_R1-1261764301-32.hdf5
351,GW191230_180458,GWTC-3-confident,V,V1,GWOSC,16384.0,4096.0,1261762269.0,https://www.gw-openscience.org/eventapi/json/GWTC-3-confident/GW191230_180458/v1/V-V1_GWOSC_16KHZ_R1-1261762269-4096.hdf5
352,GW200112_155838,GWTC-3-confident,L,L1,GWOSC,16384.0,32.0,1262879920.0,https://www.gw-openscience.org/eventapi/json/GWTC-3-confident/GW200112_155838/v1/L-L1_GWOSC_16KHZ_R1-1262879920-32.hdf5
353,GW200112_155838,GWTC-3-confident,L,L1,GWOSC,16384.0,4096.0,1262877888.0,https://www.gw-openscience.org/eventapi/json/GWTC-3-confident/GW200112_155838/v1/L-L1_GWOSC_16KHZ_R1-1262877888-4096.hdf5
354,GW200112_155838,GWTC-3-confident,V,V1,GWOSC,16384.0,32.0,1262879920.0,https://www.gw-openscience.org/eventapi/json/GWTC-3-confident/GW200112_155838/v1/V-V1_GWOSC_16KHZ_R1-1262879920-32.hdf5
355,GW200112_155838,GWTC-3-confident,V,V1,GWOSC,16384.0,4096.0,1262877888.0,https://www.gw-openscience.org/eventapi/json/GWTC-3-confident/GW200112_155838/v1/V-V1_GWOSC_16KHZ_R1-1262877888-4096.hdf5
356,GW200115_042309,GWTC-3-confident,H,H1,GWOSC,16384.0,32.0,1263097392.0,https://www.gw-openscience.org/eventapi/json/GWTC-3-confident/GW200115_042309/v2/H-H1_GWOSC_16KHZ_R1-1263097392-32.hdf5
357,GW200115_042309,GWTC-3-confident,H,H1,GWOSC,16384.0,4096.0,1263095360.0,https://www.gw-openscience.org/eventapi/json/GWTC-3-confident/GW200115_042309/v2/H-H1_GWOSC_16KHZ_R1-1263095360-4096.hdf5
358,GW200115_042309,GWTC-3-confident,L,L1,GWOSC,16384.0,32.0,1263097392.0,https://www.gw-openscience.org/eventapi/json/GWTC-3-confident/GW200115_042309/v2/L-L1_GWOSC_16KHZ_R1-1263097392-32.hdf5
359,GW200115_042309,GWTC-3-confident,L,L1,GWOSC,16384.0,4096.0,1263095360.0,https://www.gw-openscience.org/eventapi/json/GWTC-3-confident/GW200115_042309/v2/L-L1_GWOSC_16KHZ_R1-1263095360-4096.hdf5
360,GW200115_042309,GWTC-3-confident,V,V1,GWOSC,16384.0,32.0,1263097392.0,https://www.gw-openscience.org/eventapi/json/GWTC-3-confident/GW200115_042309/v2/V-V1_GWOSC_16KHZ_R1-1263097392-32.hdf5
361,GW200115_042309,GWTC-3-confident,V,V1,GWOSC,16384.0,4096.0,1263095360.0,https://www.gw-openscience.org/eventapi/json/GWTC-3-confident/GW200115_042309/v2/V-V1_GWOSC_16KHZ_R1-1263095360-4096.hdf5
362,GW200128_022011,GWTC-3-confident,H,H1,GWOSC,16384.0,32.0,1264213214.0,https://www.gw-openscience.org/eventapi/json/GWTC-3-confident/GW200128_022011/v1/H-H1_GWOSC_16KHZ_R1-1264213214-32.hdf5
363,GW200128_022011,GWTC-3-confident,H,H1,GWOSC,16384.0,4096.0,1264211182.0,https://www.gw-openscience.org/eventapi/json/GWTC-3-confident/GW200128_022011/v1/H-H1_GWOSC_16KHZ_R1-1264211182-4096.hdf5
364,GW200128_022011,GWTC-3-confident,L,L1,GWOSC,16384.0,32.0,1264213214.0,https://www.gw-openscience.org/eventapi/json/GWTC-3-confident/GW200128_022011/v1/L-L1_GWOSC_16KHZ_R1-1264213214-32.hdf5
365,GW200128_022011,GWTC-3-confident,L,L1,GWOSC,16384.0,4096.0,1264211182.0,https://www.gw-openscience.org/eventapi/json/GWTC-3-confident/GW200128_022011/v1/L-L1_GWOSC_16KHZ_R1-1264211182-4096.hdf5
366,GW200129_065458,GWTC-3-confident,H,H1,GWOSC,16384.0,32.0,1264316101.0,https://www.gw-openscience.org/eventapi/json/GWTC-3-confident/GW200129_065458/v1/H-H1_GWOSC_16KHZ_R1-1264316101-32.hdf5
367,GW200129_065458,GWTC-3-confident,H,H1,GWOSC,16384.0,4096.0,1264314069.0,https://www.gw-openscience.org/eventapi/json/GWTC-3-confident/GW200129_065458/v1/H-H1_GWOSC_16KHZ_R1-1264314069-4096.hdf5
368,GW200129_065458,GWTC-3-confident,L,L1,GWOSC,16384.0,32.0,1264316101.0,https://www.gw-openscience.org/eventapi/json/GWTC-3-confident/GW200129_065458/v1/L-L1_GWOSC_16KHZ_R1-1264316101-32.hdf5
369,GW200129_065458,GWTC-3-confident,L,L1,GWOSC,16384.0,4096.0,1264314069.0,https://www.gw-openscience.org/eventapi/json/GWTC-3-confident/GW200129_065458/v1/L-L1_GWOSC_16KHZ_R1-1264314069-4096.hdf5
370,GW200129_065458,GWTC-3-confident,V,V1,GWOSC,16384.0,32.0,1264316101.0,https://www.gw-openscience.org/eventapi/json/GWTC-3-confident/GW200129_065458/v1/V-V1_GWOSC_16KHZ_R1-1264316101-32.hdf5
371,GW200129_065458,GWTC-3-confident,V,V1,GWOSC,16384.0,4096.0,1264314069.0,https://www.gw-openscience.org/eventapi/json/GWTC-3-confident/GW200129_065458/v1/V-V1_GWOSC_16KHZ_R1-1264314069-4096.hdf5
372,GW200202_154313,GWTC-3-confident,H,H1,GWOSC,16384.0,32.0,1264693396.0,https://www.gw-openscience.org/eventapi/json/GWTC-3-confident/GW200202_154313/v1/H-H1_GWOSC_16KHZ_R1-1264693396-32.hdf5
373,GW200202_154313,GWTC-3-confident,H,H1,GWOSC,16384.0,4096.0,1264691364.0,https://www.gw-openscience.org/eventapi/json/GWTC-3-confident/GW200202_154313/v1/H-H1_GWOSC_16KHZ_R1-1264691364-4096.hdf5
374,GW200202_154313,GWTC-3-confident,L,L1,GWOSC,16384.0,32.0,1264693396.0,https://www.gw-openscience.org/eventapi/json/GWTC-3-confident/GW200202_154313/v1/L-L1_GWOSC_16KHZ_R1-1264693396-32.hdf5
375,GW200202_154313,GWTC-3-confident,L,L1,GWOSC,16384.0,4096.0,1264691364.0,https://www.gw-openscience.org/eventapi/json/GWTC-3-confident/GW200202_154313/v1/L-L1_GWOSC_16KHZ_R1-1264691364-4096.hdf5
376,GW200202_154313,GWTC-3-confident,V,V1,GWOSC,16384.0,32.0,1264693396.0,https://www.gw-openscience.org/eventapi/json/GWTC-3-confident/GW200202_154313/v1/V-V1_GWOSC_16KHZ_R1-1264693396-32.hdf5
377,GW200202_154313,GWTC-3-confident,V,V1,GWOSC,16384.0,4096.0,1264691364.0,https://www.gw-openscience.org/eventapi/json/GWTC-3-confident/GW200202_154313/v1/V-V1_GWOSC_16KHZ_R1-1264691364-4096.hdf5
378,GW200208_130117,GWTC-3-confident,H,H1,GWOSC,16384.0,32.0,1265202080.0,https://www.gw-openscience.org/eventapi/json/GWTC-3-confident/GW200208_130117/v1/H-H1_GWOSC_16KHZ_R1-1265202080-32.hdf5
379,GW200208_130117,GWTC-3-confident,H,H1,GWOSC,16384.0,4096.0,1265200048.0,https://www.gw-openscience.org/eventapi/json/GWTC-3-confident/GW200208_130117/v1/H-H1_GWOSC_16KHZ_R1-1265200048-4096.hdf5
380,GW200208_130117,GWTC-3-confident,L,L1,GWOSC,16384.0,32.0,1265202080.0,https://www.gw-openscience.org/eventapi/json/GWTC-3-confident/GW200208_130117/v1/L-L1_GWOSC_16KHZ_R1-1265202080-32.hdf5
381,GW200208_130117,GWTC-3-confident,L,L1,GWOSC,16384.0,4096.0,1265200048.0,https://www.gw-openscience.org/eventapi/json/GWTC-3-confident/GW200208_130117/v1/L-L1_GWOSC_16KHZ_R1-1265200048-4096.hdf5
382,GW200208_130117,GWTC-3-confident,V,V1,GWOSC,16384.0,32.0,1265202080.0,https://www.gw-openscience.org/eventapi/json/GWTC-3-confident/GW200208_130117/v1/V-V1_GWOSC_16KHZ_R1-1265202080-32.hdf5
383,GW200208_130117,GWTC-3-confident,V,V1,GWOSC,16384.0,4096.0,1265200048.0,https://www.gw-openscience.org/eventapi/json/GWTC-3-confident/GW200208_130117/v1/V-V1_GWOSC_16KHZ_R1-1265200048-4096.hdf5
384,GW200208_222617,GWTC-3-confident,H,H1,GWOSC,16384.0,32.0,1265235980.0,https://www.gw-openscience.org/eventapi/json/GWTC-3-confident/GW200208_222617/v1/H-H1_GWOSC_16KHZ_R1-1265235980-32.hdf5
385,GW200208_222617,GWTC-3-confident,H,H1,GWOSC,16384.0,4096.0,1265233948.0,https://www.gw-openscience.org/eventapi/json/GWTC-3-confident/GW200208_222617/v1/H-H1_GWOSC_16KHZ_R1-1265233948-4096.hdf5
386,GW200208_222617,GWTC-3-confident,L,L1,GWOSC,16384.0,32.0,1265235980.0,https://www.gw-openscience.org/eventapi/json/GWTC-3-confident/GW200208_222617/v1/L-L1_GWOSC_16KHZ_R1-1265235980-32.hdf5
387,GW200208_222617,GWTC-3-confident,L,L1,GWOSC,16384.0,4096.0,1265233948.0,https://www.gw-openscience.org/eventapi/json/GWTC-3-confident/GW200208_222617/v1/L-L1_GWOSC_16KHZ_R1-1265233948-4096.hdf5
388,GW200208_222617,GWTC-3-confident,V,V1,GWOSC,16384.0,32.0,1265235980.0,https://www.gw-openscience.org/eventapi/json/GWTC-3-confident/GW200208_222617/v1/V-V1_GWOSC_16KHZ_R1-1265235980-32.hdf5
389,GW200208_222617,GWTC-3-confident,V,V1,GWOSC,16384.0,4096.0,1265233948.0,https://www.gw-openscience.org/eventapi/json/GWTC-3-confident/GW200208_222617/v1/V-V1_GWOSC_16KHZ_R1-1265233948-4096.hdf5
390,GW200209_085452,GWTC-3-confident,H,H1,GWOSC,16384.0,32.0,1265273695.0,https://www.gw-openscience.org/eventapi/json/GWTC-3-confident/GW200209_085452/v1/H-H1_GWOSC_16KHZ_R1-1265273695-32.hdf5
391,GW200209_085452,GWTC-3-confident,H,H1,GWOSC,16384.0,4096.0,1265271663.0,https://www.gw-openscience.org/eventapi/json/GWTC-3-confident/GW200209_085452/v1/H-H1_GWOSC_16KHZ_R1-1265271663-4096.hdf5
392,GW200209_085452,GWTC-3-confident,L,L1,GWOSC,16384.0,32.0,1265273695.0,https://www.gw-openscience.org/eventapi/json/GWTC-3-confident/GW200209_085452/v1/L-L1_GWOSC_16KHZ_R1-1265273695-32.hdf5
393,GW200209_085452,GWTC-3-confident,L,L1,GWOSC,16384.0,4096.0,1265271663.0,https://www.gw-openscience.org/eventapi/json/GWTC-3-confident/GW200209_085452/v1/L-L1_GWOSC_16KHZ_R1-1265271663-4096.hdf5
394,GW200209_085452,GWTC-3-confident,V,V1,GWOSC,16384.0,32.0,1265273695.0,https://www.gw-openscience.org/eventapi/json/GWTC-3-confident/GW200209_085452/v1/V-V1_GWOSC_16KHZ_R1-1265273695-32.hdf5
395,GW200209_085452,GWTC-3-confident,V,V1,GWOSC,16384.0,4096.0,1265271663.0,https://www.gw-openscience.org/eventapi/json/GWTC-3-confident/GW200209_085452/v1/V-V1_GWOSC_16KHZ_R1-1265271663-4096.hdf5
396,GW200210_092254,GWTC-3-confident,H,H1,GWOSC,16384.0,32.0,1265361777.0,https://www.gw-openscience.org/eventapi/json/GWTC-3-confident/GW200210_092254/v1/H-H1_GWOSC_16KHZ_R1-1265361777-32.hdf5
397,GW200210_092254,GWTC-3-confident,H,H1,GWOSC,16384.0,4096.0,1265359745.0,https://www.gw-openscience.org/eventapi/json/GWTC-3-confident/GW200210_092254/v1/H-H1_GWOSC_16KHZ_R1-1265359745-4096.hdf5
398,GW200210_092254,GWTC-3-confident,L,L1,GWOSC,16384.0,32.0,1265361777.0,https://www.gw-openscience.org/eventapi/json/GWTC-3-confident/GW200210_092254/v1/L-L1_GWOSC_16KHZ_R1-1265361777-32.hdf5
399,GW200210_092254,GWTC-3-confident,L,L1,GWOSC,16384.0,4096.0,1265359745.0,https://www.gw-openscience.org/eventapi/json/GWTC-3-confident/GW200210_092254/v1/L-L1_GWOSC_16KHZ_R1-1265359745-4096.hdf5
400,GW200210_092254,GWTC-3-confident,V,V1,GWOSC,16384.0,32.0,1265361777.0,https://www.gw-openscience.org/eventapi/json/GWTC-3-confident/GW200210_092254/v1/V-V1_GWOSC_16KHZ_R1-1265361777-32.hdf5
401,GW200210_092254,GWTC-3-confident,V,V1,GWOSC,16384.0,4096.0,1265359745.0,https://www.gw-openscience.org/eventapi/json/GWTC-3-confident/GW200210_092254/v1/V-V1_GWOSC_16KHZ_R1-1265359745-4096.hdf5
402,GW200216_220804,GWTC-3-confident,H,H1,GWOSC,16384.0,32.0,1265926087.0,https://www.gw-openscience.org/eventapi/json/GWTC-3-confident/GW200216_220804/v1/H-H1_GWOSC_16KHZ_R1-1265926087-32.hdf5
403,GW200216_220804,GWTC-3-confident,H,H1,GWOSC,16384.0,4096.0,1265924055.0,https://www.gw-openscience.org/eventapi/json/GWTC-3-confident/GW200216_220804/v1/H-H1_GWOSC_16KHZ_R1-1265924055-4096.hdf5
404,GW200216_220804,GWTC-3-confident,L,L1,GWOSC,16384.0,32.0,1265926087.0,https://www.gw-openscience.org/eventapi/json/GWTC-3-confident/GW200216_220804/v1/L-L1_GWOSC_16KHZ_R1-1265926087-32.hdf5
405,GW200216_220804,GWTC-3-confident,L,L1,GWOSC,16384.0,4096.0,1265924055.0,https://www.gw-openscience.org/eventapi/json/GWTC-3-confident/GW200216_220804/v1/L-L1_GWOSC_16KHZ_R1-1265924055-4096.hdf5
406,GW200216_220804,GWTC-3-confident,V,V1,GWOSC,16384.0,32.0,1265926087.0,https://www.gw-openscience.org/eventapi/json/GWTC-3-confident/GW200216_220804/v1/V-V1_GWOSC_16KHZ_R1-1265926087-32.hdf5
407,GW200216_220804,GWTC-3-confident,V,V1,GWOSC,16384.0,4096.0,1265924055.0,https://www.gw-openscience.org/eventapi/json/GWTC-3-confident/GW200216_220804/v1/V-V1_GWOSC_16KHZ_R1-1265924055-4096.hdf5
408,GW200219_094415,GWTC-3-confident,H,H1,GWOSC,16384.0,32.0,1266140658.0,https://www.gw-openscience.org/eventapi/json/GWTC-3-confident/GW200219_094415/v1/H-H1_GWOSC_16KHZ_R1-1266140658-32.hdf5
409,GW200219_094415,GWTC-3-confident,H,H1,GWOSC,16384.0,4096.0,1266138626.0,https://www.gw-openscience.org/eventapi/json/GWTC-3-confident/GW200219_094415/v1/H-H1_GWOSC_16KHZ_R1-1266138626-4096.hdf5
410,GW200219_094415,GWTC-3-confident,L,L1,GWOSC,16384.0,32.0,1266140658.0,https://www.gw-openscience.org/eventapi/json/GWTC-3-confident/GW200219_094415/v1/L-L1_GWOSC_16KHZ_R1-1266140658-32.hdf5
411,GW200219_094415,GWTC-3-confident,L,L1,GWOSC,16384.0,4096.0,1266138626.0,https://www.gw-openscience.org/eventapi/json/GWTC-3-confident/GW200219_094415/v1/L-L1_GWOSC_16KHZ_R1-1266138626-4096.hdf5
412,GW200219_094415,GWTC-3-confident,V,V1,GWOSC,16384.0,32.0,1266140658.0,https://www.gw-openscience.org/eventapi/json/GWTC-3-confident/GW200219_094415/v1/V-V1_GWOSC_16KHZ_R1-1266140658-32.hdf5
413,GW200219_094415,GWTC-3-confident,V,V1,GWOSC,16384.0,4096.0,1266138626.0,https://www.gw-openscience.org/eventapi/json/GWTC-3-confident/GW200219_094415/v1/V-V1_GWOSC_16KHZ_R1-1266138626-4096.hdf5
414,GW200220_061928,GWTC-3-confident,H,H1,GWOSC,16384.0,32.0,1266214771.0,https://www.gw-openscience.org/eventapi/json/GWTC-3-confident/GW200220_061928/v1/H-H1_GWOSC_16KHZ_R1-1266214771-32.hdf5
415,GW200220_061928,GWTC-3-confident,H,H1,GWOSC,16384.0,4096.0,1266212739.0,https://www.gw-openscience.org/eventapi/json/GWTC-3-confident/GW200220_061928/v1/H-H1_GWOSC_16KHZ_R1-1266212739-4096.hdf5
416,GW200220_061928,GWTC-3-confident,L,L1,GWOSC,16384.0,32.0,1266214771.0,https://www.gw-openscience.org/eventapi/json/GWTC-3-confident/GW200220_061928/v1/L-L1_GWOSC_16KHZ_R1-1266214771-32.hdf5
417,GW200220_061928,GWTC-3-confident,L,L1,GWOSC,16384.0,4096.0,1266212739.0,https://www.gw-openscience.org/eventapi/json/GWTC-3-confident/GW200220_061928/v1/L-L1_GWOSC_16KHZ_R1-1266212739-4096.hdf5
418,GW200220_061928,GWTC-3-confident,V,V1,GWOSC,16384.0,32.0,1266214771.0,https://www.gw-openscience.org/eventapi/json/GWTC-3-confident/GW200220_061928/v1/V-V1_GWOSC_16KHZ_R1-1266214771-32.hdf5
419,GW200220_061928,GWTC-3-confident,V,V1,GWOSC,16384.0,4096.0,1266212739.0,https://www.gw-openscience.org/eventapi/json/GWTC-3-confident/GW200220_061928/v1/V-V1_GWOSC_16KHZ_R1-1266212739-4096.hdf5
420,GW200220_124850,GWTC-3-confident,H,H1,GWOSC,16384.0,32.0,1266238133.0,https://www.gw-openscience.org/eventapi/json/GWTC-3-confident/GW200220_124850/v1/H-H1_GWOSC_16KHZ_R1-1266238133-32.hdf5
421,GW200220_124850,GWTC-3-confident,H,H1,GWOSC,16384.0,4096.0,1266236101.0,https://www.gw-openscience.org/eventapi/json/GWTC-3-confident/GW200220_124850/v1/H-H1_GWOSC_16KHZ_R1-1266236101-4096.hdf5
422,GW200220_124850,GWTC-3-confident,L,L1,GWOSC,16384.0,32.0,1266238133.0,https://www.gw-openscience.org/eventapi/json/GWTC-3-confident/GW200220_124850/v1/L-L1_GWOSC_16KHZ_R1-1266238133-32.hdf5
423,GW200220_124850,GWTC-3-confident,L,L1,GWOSC,16384.0,4096.0,1266236101.0,https://www.gw-openscience.org/eventapi/json/GWTC-3-confident/GW200220_124850/v1/L-L1_GWOSC_16KHZ_R1-1266236101-4096.hdf5
424,GW200224_222234,GWTC-3-confident,H,H1,GWOSC,16384.0,32.0,1266618157.0,https://www.gw-openscience.org/eventapi/json/GWTC-3-confident/GW200224_222234/v1/H-H1_GWOSC_16KHZ_R1-1266618157-32.hdf5
425,GW200224_222234,GWTC-3-confident,H,H1,GWOSC,16384.0,4096.0,1266616125.0,https://www.gw-openscience.org/eventapi/json/GWTC-3-confident/GW200224_222234/v1/H-H1_GWOSC_16KHZ_R1-1266616125-4096.hdf5
426,GW200224_222234,GWTC-3-confident,L,L1,GWOSC,16384.0,32.0,1266618157.0,https://www.gw-openscience.org/eventapi/json/GWTC-3-confident/GW200224_222234/v1/L-L1_GWOSC_16KHZ_R1-1266618157-32.hdf5
427,GW200224_222234,GWTC-3-confident,L,L1,GWOSC,16384.0,4096.0,1266616125.0,https://www.gw-openscience.org/eventapi/json/GWTC-3-confident/GW200224_222234/v1/L-L1_GWOSC_16KHZ_R1-1266616125-4096.hdf5
428,GW200224_222234,GWTC-3-confident,V,V1,GWOSC,16384.0,32.0,1266618157.0,https://www.gw-openscience.org/eventapi/json/GWTC-3-confident/GW200224_222234/v1/V-V1_GWOSC_16KHZ_R1-1266618157-32.hdf5
429,GW200224_222234,GWTC-3-confident,V,V1,GWOSC,16384.0,4096.0,1266616125.0,https://www.gw-openscience.org/eventapi/json/GWTC-3-confident/GW200224_222234/v1/V-V1_GWOSC_16KHZ_R1-1266616125-4096.hdf5
430,GW200225_060421,GWTC-3-confident,H,H1,GWOSC,16384.0,32.0,1266645864.0,https://www.gw-openscience.org/eventapi/json/GWTC-3-confident/GW200225_060421/v1/H-H1_GWOSC_16KHZ_R1-1266645864-32.hdf5
431,GW200225_060421,GWTC-3-confident,H,H1,GWOSC,16384.0,4096.0,1266643832.0,https://www.gw-openscience.org/eventapi/json/GWTC-3-confident/GW200225_060421/v1/H-H1_GWOSC_16KHZ_R1-1266643832-4096.hdf5
432,GW200225_060421,GWTC-3-confident,L,L1,GWOSC,16384.0,32.0,1266645864.0,https://www.gw-openscience.org/eventapi/json/GWTC-3-confident/GW200225_060421/v1/L-L1_GWOSC_16KHZ_R1-1266645864-32.hdf5
433,GW200225_060421,GWTC-3-confident,L,L1,GWOSC,16384.0,4096.0,1266643832.0,https://www.gw-openscience.org/eventapi/json/GWTC-3-confident/GW200225_060421/v1/L-L1_GWOSC_16KHZ_R1-1266643832-4096.hdf5
434,GW200302_015811,GWTC-3-confident,H,H1,GWOSC,16384.0,32.0,1267149494.0,https://www.gw-openscience.org/eventapi/json/GWTC-3-confident/GW200302_015811/v1/H-H1_GWOSC_16KHZ_R1-1267149494-32.hdf5
435,GW200302_015811,GWTC-3-confident,H,H1,GWOSC,16384.0,4096.0,1267147462.0,https://www.gw-openscience.org/eventapi/json/GWTC-3-confident/GW200302_015811/v1/H-H1_GWOSC_16KHZ_R1-1267147462-4096.hdf5
436,GW200302_015811,GWTC-3-confident,V,V1,GWOSC,16384.0,32.0,1267149494.0,https://www.gw-openscience.org/eventapi/json/GWTC-3-confident/GW200302_015811/v1/V-V1_GWOSC_16KHZ_R1-1267149494-32.hdf5
437,GW200302_015811,GWTC-3-confident,V,V1,GWOSC,16384.0,4096.0,1267147462.0,https://www.gw-openscience.org/eventapi/json/GWTC-3-confident/GW200302_015811/v1/V-V1_GWOSC_16KHZ_R1-1267147462-4096.hdf5
438,GW200306_093714,GWTC-3-confident,H,H1,GWOSC,16384.0,32.0,1267522637.0,https://www.gw-openscience.org/eventapi/json/GWTC-3-confident/GW200306_093714/v1/H-H1_GWOSC_16KHZ_R1-1267522637-32.hdf5
439,GW200306_093714,GWTC-3-confident,H,H1,GWOSC,16384.0,4096.0,1267520605.0,https://www.gw-openscience.org/eventapi/json/GWTC-3-confident/GW200306_093714/v1/H-H1_GWOSC_16KHZ_R1-1267520605-4096.hdf5
440,GW200306_093714,GWTC-3-confident,L,L1,GWOSC,16384.0,32.0,1267522637.0,https://www.gw-openscience.org/eventapi/json/GWTC-3-confident/GW200306_093714/v1/L-L1_GWOSC_16KHZ_R1-1267522637-32.hdf5
441,GW200306_093714,GWTC-3-confident,L,L1,GWOSC,16384.0,4096.0,1267520605.0,https://www.gw-openscience.org/eventapi/json/GWTC-3-confident/GW200306_093714/v1/L-L1_GWOSC_16KHZ_R1-1267520605-4096.hdf5
442,GW200308_173609,GWTC-3-confident,H,H1,GWOSC,16384.0,32.0,1267724172.0,https://www.gw-openscience.org/eventapi/json/GWTC-3-confident/GW200308_173609/v1/H-H1_GWOSC_16KHZ_R1-1267724172-32.hdf5
443,GW200308_173609,GWTC-3-confident,H,H1,GWOSC,16384.0,4096.0,1267722140.0,https://www.gw-openscience.org/eventapi/json/GWTC-3-confident/GW200308_173609/v1/H-H1_GWOSC_16KHZ_R1-1267722140-4096.hdf5
444,GW200308_173609,GWTC-3-confident,L,L1,GWOSC,16384.0,32.0,1267724172.0,https://www.gw-openscience.org/eventapi/json/GWTC-3-confident/GW200308_173609/v1/L-L1_GWOSC_16KHZ_R1-1267724172-32.hdf5
445,GW200308_173609,GWTC-3-confident,L,L1,GWOSC,16384.0,4096.0,1267722140.0,https://www.gw-openscience.org/eventapi/json/GWTC-3-confident/GW200308_173609/v1/L-L1_GWOSC_16KHZ_R1-1267722140-4096.hdf5
446,GW200308_173609,GWTC-3-confident,V,V1,GWOSC,16384.0,32.0,1267724172.0,https://www.gw-openscience.org/eventapi/json/GWTC-3-confident/GW200308_173609/v1/V-V1_GWOSC_16KHZ_R1-1267724172-32.hdf5
447,GW200308_173609,GWTC-3-confident,V,V1,GWOSC,16384.0,4096.0,1267722140.0,https://www.gw-openscience.org/eventapi/json/GWTC-3-confident/GW200308_173609/v1/V-V1_GWOSC_16KHZ_R1-1267722140-4096.hdf5
448,GW200311_115853,GWTC-3-confident,H,H1,GWOSC,16384.0,32.0,1267963136.0,https://www.gw-openscience.org/eventapi/json/GWTC-3-confident/GW200311_115853/v1/H-H1_GWOSC_16KHZ_R1-1267963136-32.hdf5
449,GW200311_115853,GWTC-3-confident,H,H1,GWOSC,16384.0,4096.0,1267961104.0,https://www.gw-openscience.org/eventapi/json/GWTC-3-confident/GW200311_115853/v1/H-H1_GWOSC_16KHZ_R1-1267961104-4096.hdf5
450,GW200311_115853,GWTC-3-confident,L,L1,GWOSC,16384.0,32.0,1267963136.0,https://www.gw-openscience.org/eventapi/json/GWTC-3-confident/GW200311_115853/v1/L-L1_GWOSC_16KHZ_R1-1267963136-32.hdf5
451,GW200311_115853,GWTC-3-confident,L,L1,GWOSC,16384.0,4096.0,1267961104.0,https://www.gw-openscience.org/eventapi/json/GWTC-3-confident/GW200311_115853/v1/L-L1_GWOSC_16KHZ_R1-1267961104-4096.hdf5
452,GW200311_115853,GWTC-3-confident,V,V1,GWOSC,16384.0,32.0,1267963136.0,https://www.gw-openscience.org/eventapi/json/GWTC-3-confident/GW200311_115853/v1/V-V1_GWOSC_16KHZ_R1-1267963136-32.hdf5
453,GW200311_115853,GWTC-3-confident,V,V1,GWOSC,16384.0,4096.0,1267961104.0,https://www.gw-openscience.org/eventapi/json/GWTC-3-confident/GW200311_115853/v1/V-V1_GWOSC_16KHZ_R1-1267961104-4096.hdf5
454,GW200316_215756,GWTC-3-confident,H,H1,GWOSC,16384.0,32.0,1268431079.0,https://www.gw-openscience.org/eventapi/json/GWTC-3-confident/GW200316_215756/v1/H-H1_GWOSC_16KHZ_R1-1268431079-32.hdf5
455,GW200316_215756,GWTC-3-confident,H,H1,GWOSC,16384.0,4096.0,1268429047.0,https://www.gw-openscience.org/eventapi/json/GWTC-3-confident/GW200316_215756/v1/H-H1_GWOSC_16KHZ_R1-1268429047-4096.hdf5
456,GW200316_215756,GWTC-3-confident,L,L1,GWOSC,16384.0,32.0,1268431079.0,https://www.gw-openscience.org/eventapi/json/GWTC-3-confident/GW200316_215756/v1/L-L1_GWOSC_16KHZ_R1-1268431079-32.hdf5
457,GW200316_215756,GWTC-3-confident,L,L1,GWOSC,16384.0,4096.0,1268429047.0,https://www.gw-openscience.org/eventapi/json/GWTC-3-confident/GW200316_215756/v1/L-L1_GWOSC_16KHZ_R1-1268429047-4096.hdf5
458,GW200316_215756,GWTC-3-confident,V,V1,GWOSC,16384.0,32.0,1268431079.0,https://www.gw-openscience.org/eventapi/json/GWTC-3-confident/GW200316_215756/v1/V-V1_GWOSC_16KHZ_R1-1268431079-32.hdf5
459,GW200316_215756,GWTC-3-confident,V,V1,GWOSC,16384.0,4096.0,1268429047.0,https://www.gw-openscience.org/eventapi/json/GWTC-3-confident/GW200316_215756/v1/V-V1_GWOSC_16KHZ_R1-1268429047-4096.hdf5
460,GW200322_091133,GWTC-3-confident,H,H1,GWOSC,16384.0,32.0,1268903496.0,https://www.gw-openscience.org/eventapi/json/GWTC-3-confident/GW200322_091133/v1/H-H1_GWOSC_16KHZ_R1-1268903496-32.hdf5
461,GW200322_091133,GWTC-3-confident,H,H1,GWOSC,16384.0,4096.0,1268901464.0,https://www.gw-openscience.org/eventapi/json/GWTC-3-confident/GW200322_091133/v1/H-H1_GWOSC_16KHZ_R1-1268901464-4096.hdf5
462,GW200322_091133,GWTC-3-confident,L,L1,GWOSC,16384.0,32.0,1268903496.0,https://www.gw-openscience.org/eventapi/json/GWTC-3-confident/GW200322_091133/v1/L-L1_GWOSC_16KHZ_R1-1268903496-32.hdf5
463,GW200322_091133,GWTC-3-confident,L,L1,GWOSC,16384.0,4096.0,1268901464.0,https://www.gw-openscience.org/eventapi/json/GWTC-3-confident/GW200322_091133/v1/L-L1_GWOSC_16KHZ_R1-1268901464-4096.hdf5
464,GW200322_091133,GWTC-3-confident,V,V1,GWOSC,16384.0,32.0,1268903496.0,https://www.gw-openscience.org/eventapi/json/GWTC-3-confident/GW200322_091133/v1/V-V1_GWOSC_16KHZ_R1-1268903496-32.hdf5
465,GW200322_091133,GWTC-3-confident,V,V1,GWOSC,16384.0,4096.0,1268901464.0,https://www.gw-openscience.org/eventapi/json/GWTC-3-confident/GW200322_091133/v1/V-V1_GWOSC_16KHZ_R1-1268901464-4096.hdf5
